DATE,FILE_NAME,DATABASE,FILE_TYPE,FILE_SIZE
2022-04-07T23:02:12.746,fastjson,OverflowDb,Project JAR File,705683
2022-04-07T23:02:12.746,fastjson,OverflowDb,Stored Graph,36651008
2022-04-07T23:02:12.746,fastjson,OverflowDb,Stored Graph (LZ4),31974606
2022-04-07T23:02:12.746,fastjson,OverflowDb,Stored Graph (ZIP),26139012
2022-04-07T23:02:12.746,fastjson,OverflowDb,Stored Graph (Zstd),25450316
2022-04-07T23:02:12.746,fastjson,OverflowDb,Stored Graph (XZ),20441160
2022-04-07T23:03:08.686,guava,OverflowDb,Project JAR File,2972616
2022-04-07T23:03:08.686,guava,OverflowDb,Stored Graph,68751360
2022-04-07T23:03:08.686,guava,OverflowDb,Stored Graph (LZ4),58535287
2022-04-07T23:03:08.686,guava,OverflowDb,Stored Graph (ZIP),47894282
2022-04-07T23:03:08.687,guava,OverflowDb,Stored Graph (Zstd),45745215
2022-04-07T23:03:08.687,guava,OverflowDb,Stored Graph (XZ),36099587
2022-04-07T23:03:24.376,guice,OverflowDb,Project JAR File,788317
2022-04-07T23:03:24.376,guice,OverflowDb,Stored Graph,22044672
2022-04-07T23:03:24.376,guice,OverflowDb,Stored Graph (LZ4),19276614
2022-04-07T23:03:24.376,guice,OverflowDb,Stored Graph (ZIP),15836720
2022-04-07T23:03:24.376,guice,OverflowDb,Stored Graph (Zstd),15611459
2022-04-07T23:03:24.376,guice,OverflowDb,Stored Graph (XZ),12644686
2022-04-07T23:03:39.482,jackson-core,OverflowDb,Project JAR File,379650
2022-04-07T23:03:39.482,jackson-core,OverflowDb,Stored Graph,21819392
2022-04-07T23:03:39.482,jackson-core,OverflowDb,Stored Graph (LZ4),19007844
2022-04-07T23:03:39.482,jackson-core,OverflowDb,Stored Graph (ZIP),15453015
2022-04-07T23:03:39.482,jackson-core,OverflowDb,Stored Graph (Zstd),14960602
2022-04-07T23:03:39.482,jackson-core,OverflowDb,Stored Graph (XZ),11793003
2022-04-07T23:03:48.743,mockito,OverflowDb,Project JAR File,665476
2022-04-07T23:03:48.743,mockito,OverflowDb,Stored Graph,13012992
2022-04-07T23:03:48.743,mockito,OverflowDb,Stored Graph (LZ4),11403150
2022-04-07T23:03:48.743,mockito,OverflowDb,Stored Graph (ZIP),9392738
2022-04-07T23:03:48.743,mockito,OverflowDb,Stored Graph (Zstd),9178791
2022-04-07T23:03:48.743,mockito,OverflowDb,Stored Graph (XZ),7468881
2022-04-07T23:04:34.229,mybatis-3,OverflowDb,Project JAR File,1810957
2022-04-07T23:04:34.230,mybatis-3,OverflowDb,Stored Graph,58814464
2022-04-07T23:04:34.230,mybatis-3,OverflowDb,Stored Graph (LZ4),51084697
2022-04-07T23:04:34.230,mybatis-3,OverflowDb,Stored Graph (ZIP),41801781
2022-04-07T23:04:34.230,mybatis-3,OverflowDb,Stored Graph (Zstd),40794588
2022-04-07T23:04:34.230,mybatis-3,OverflowDb,Stored Graph (XZ),32758251
2022-04-07T23:05:10.856,RxJava,OverflowDb,Project JAR File,2676032
2022-04-07T23:05:10.856,RxJava,OverflowDb,Stored Graph,50802688
2022-04-07T23:05:10.856,RxJava,OverflowDb,Stored Graph (LZ4),44310940
2022-04-07T23:05:10.856,RxJava,OverflowDb,Stored Graph (ZIP),36482156
2022-04-07T23:05:10.856,RxJava,OverflowDb,Stored Graph (Zstd),35135673
2022-04-07T23:05:10.856,RxJava,OverflowDb,Stored Graph (XZ),27385927
2022-04-07T23:05:12.838,scribejava,OverflowDb,Project JAR File,136544
2022-04-07T23:05:12.838,scribejava,OverflowDb,Stored Graph,3248128
2022-04-07T23:05:12.838,scribejava,OverflowDb,Stored Graph (LZ4),2773797
2022-04-07T23:05:12.838,scribejava,OverflowDb,Stored Graph (ZIP),2301331
2022-04-07T23:05:12.838,scribejava,OverflowDb,Stored Graph (Zstd),2201222
2022-04-07T23:05:12.838,scribejava,OverflowDb,Stored Graph (XZ),1834479
2022-04-07T23:05:31.036,spring-boot,OverflowDb,Project JAR File,1378146
2022-04-07T23:05:31.036,spring-boot,OverflowDb,Stored Graph,27107328
2022-04-07T23:05:31.036,spring-boot,OverflowDb,Stored Graph (LZ4),23625053
2022-04-07T23:05:31.036,spring-boot,OverflowDb,Stored Graph (ZIP),19497076
2022-04-07T23:05:31.036,spring-boot,OverflowDb,Stored Graph (Zstd),19189259
2022-04-07T23:05:31.036,spring-boot,OverflowDb,Stored Graph (XZ),15592956
