Date,Size [B],Used [B]
2021-04-30T08:20:43.918709,693409840,212559824
2021-04-30T08:20:46.419068,771875840,427695104
2021-04-30T08:20:48.919338,841051848,358519096
2021-04-30T08:20:51.419592,826237456,373333488
2021-04-30T08:20:53.919847,811011736,388559208
2021-04-30T08:20:56.420102,797661864,401909080
2021-04-30T08:20:58.920356,780230344,419340600
2021-04-30T08:21:01.420611,762893920,436677024
2021-04-30T08:21:03.920870,747444872,452126072
2021-04-30T08:21:06.421136,733289032,466281912
2021-04-30T08:21:08.921389,712884800,486686144
2021-04-30T08:21:11.421641,694340192,505230752
2021-04-30T08:21:13.921888,677558880,522012064
2021-04-30T08:21:16.422143,660542976,539027968
2021-04-30T08:21:18.922408,641259104,558311840
2021-04-30T08:21:21.422670,623803944,575767000
2021-04-30T08:21:23.922924,606937752,592633192
2021-04-30T08:21:26.423169,586679496,612891448
2021-04-30T08:21:28.923423,569189008,630381936
2021-04-30T08:21:31.423677,549636640,649934304
2021-04-30T08:21:33.923940,865027000,334543944
2021-04-30T08:21:36.424185,843154624,356416320
2021-04-30T08:21:38.924443,824278208,375292736
2021-04-30T08:21:41.424697,776952720,422618224
2021-04-30T08:21:43.924952,740791816,458779128
2021-04-30T08:21:46.425210,711032000,488538944
2021-04-30T08:21:48.925461,687965376,511605568
2021-04-30T08:21:51.425706,658605248,540965696
2021-04-30T08:21:53.925999,630148040,569422904
2021-04-30T08:21:56.426268,604079296,595491648
2021-04-30T08:21:58.926521,574719168,624851776
2021-04-30T08:22:01.426789,549553344,650017600
2021-04-30T08:22:03.927052,531583888,667987056
2021-04-30T08:22:06.427314,513899712,685671232
2021-04-30T08:22:08.927568,495934384,703636560
2021-04-30T08:22:11.427823,476150976,723419968
2021-04-30T08:22:13.928086,457278656,742292288
2021-04-30T08:22:16.428344,441406352,758164592
2021-04-30T08:22:18.928595,420432840,779138104
2021-04-30T08:22:21.428849,402695584,796875360
2021-04-30T08:22:23.929096,382686096,816884848
2021-04-30T08:22:26.429339,362656736,836914208
2021-04-30T08:22:28.929585,808356288,391214656
2021-04-30T08:22:31.429859,782981264,416589680
2021-04-30T08:22:33.930102,759504176,440066768
2021-04-30T08:22:36.430335,732284736,467286208
2021-04-30T08:22:38.930579,709214016,490356928
2021-04-30T08:22:41.430830,682531200,517039744
2021-04-30T08:22:43.931065,658882368,540688576
2021-04-30T08:22:46.431308,635815744,563755200
2021-04-30T08:22:48.931544,610647872,588923072
2021-04-30T08:22:51.431796,585484096,614086848
2021-04-30T08:22:53.932044,560318272,639252672
2021-04-30T08:22:56.432267,516947008,682623936
2021-04-30T08:22:58.932502,489015104,710555840
2021-04-30T08:23:01.432741,464427456,735143488
2021-04-30T08:23:03.932979,440565256,759005688
2021-04-30T08:23:06.433218,415610672,783960272
2021-04-30T08:23:08.933446,388351808,811219136
2021-04-30T08:23:11.433688,361086784,838484160
2021-04-30T08:23:13.933936,338020160,861550784
2021-04-30T08:23:16.434176,874997864,324573080
2021-04-30T08:23:18.934416,847784992,351785952
2021-04-30T08:23:21.434661,822420072,377150872
2021-04-30T08:23:23.934915,795161456,404409488
2021-04-30T08:23:26.435160,768045160,431525784
2021-04-30T08:23:28.935398,742732656,456838288
2021-04-30T08:23:31.435629,713880296,485690648
2021-04-30T08:23:33.935865,686109552,513461392
2021-04-30T08:23:36.436102,658991208,540579736
2021-04-30T08:23:38.936349,625588032,573982912
2021-04-30T08:23:41.436580,598173800,601397144
2021-04-30T08:23:43.936811,571289624,628281320
2021-04-30T08:23:46.437048,545747048,653823896
2021-04-30T08:23:48.937302,518287440,681283504
2021-04-30T08:23:51.437532,491728888,707842056
2021-04-30T08:23:53.937765,463954008,735616936
2021-04-30T08:23:56.437991,436695144,762875800
2021-04-30T08:23:58.938217,409430120,790140824
2021-04-30T08:24:01.438452,382169192,817401752
2021-04-30T08:24:03.938689,354548552,845022392
2021-04-30T08:24:06.438934,325544040,874026904
2021-04-30T08:24:08.939174,876296864,323274080
2021-04-30T08:24:11.439419,851122336,348448608
2021-04-30T08:24:13.939647,823857312,375713632
2021-04-30T08:24:16.439875,796721880,402849064
2021-04-30T08:24:18.940098,769313776,430257168
2021-04-30T08:24:21.440335,744048296,455522648
2021-04-30T08:24:23.940556,715071648,484499296
2021-04-30T08:24:26.440784,689113800,510457144
2021-04-30T08:24:28.941012,655958528,543612416
2021-04-30T08:24:31.441238,630675440,568895504
2021-04-30T08:24:33.941480,601429224,598141720
2021-04-30T08:24:36.441710,574298272,625272672
2021-04-30T08:24:38.941938,546885920,652685024
2021-04-30T08:24:41.442176,519772320,679798624
2021-04-30T08:24:43.942404,494290968,705279976
2021-04-30T08:24:46.442637,465244320,734326624
2021-04-30T08:24:48.942859,437981344,761589600
2021-04-30T08:24:51.443082,410720416,788850528
2021-04-30T08:24:53.943309,385554592,814016352
2021-04-30T08:24:56.443535,356328664,843242280
2021-04-30T08:24:58.943772,331028640,868542304
2021-04-30T08:25:01.444006,305860768,893710176
2021-04-30T08:25:03.944241,280696992,918873952
2021-04-30T08:25:06.444477,251601080,947969864
2021-04-30T08:25:08.944710,862563296,337007648
2021-04-30T08:25:11.444944,835040392,364530552
2021-04-30T08:25:13.945183,801596800,397974144
2021-04-30T08:25:16.445416,776430976,423139968
2021-04-30T08:25:18.945640,749321160,450249784
2021-04-30T08:25:21.445866,721905024,477665920
2021-04-30T08:25:23.946095,696635888,502935056
2021-04-30T08:25:26.446320,667379072,532191872
2021-04-30T08:25:28.946547,640005840,559565104
2021-04-30T08:25:31.446789,614780744,584790200
2021-04-30T08:25:33.947015,583579032,615991912
2021-04-30T08:25:36.447249,556383176,643187768
2021-04-30T08:25:38.947471,528936816,670634128
2021-04-30T08:25:41.447701,501593240,697977704
2021-04-30T08:25:43.947918,476282728,723288216
2021-04-30T08:25:46.448144,445080960,754489984
2021-04-30T08:25:48.948366,417788240,781782704
2021-04-30T08:25:51.448589,392534496,807036448
2021-04-30T08:25:53.948828,363165536,836405408
2021-04-30T08:25:56.449062,334024760,865546184
2021-04-30T08:25:58.949297,306668928,892902016
2021-04-30T08:26:01.449572,277087808,922483136
2021-04-30T08:26:03.949824,250030792,949540152
2021-04-30T08:26:06.450050,222554344,977016600
2021-04-30T08:26:08.950271,851403328,348167616
2021-04-30T08:26:11.450493,826253032,373317912
2021-04-30T08:26:13.950717,798945128,400625816
2021-04-30T08:26:16.450956,771715848,427855096
2021-04-30T08:26:18.951194,744454920,455116024
2021-04-30T08:26:21.451417,717189896,482381048
2021-04-30T08:26:23.951639,691567448,508003496
2021-04-30T08:26:26.451869,664763144,534807800
2021-04-30T08:26:28.952095,633402616,566168328
2021-04-30T08:26:31.452318,607994816,591576128
2021-04-30T08:26:33.952541,580838152,618732792
2021-04-30T08:26:36.452767,551516936,648054008
2021-04-30T08:26:38.952999,524120536,675450408
2021-04-30T08:26:41.453235,496990984,702579960
2021-04-30T08:26:43.953464,469584040,729986904
2021-04-30T08:26:46.453688,440365832,759205112
2021-04-30T08:26:48.953909,408798344,790772600
2021-04-30T08:26:51.454139,379550472,820020472
2021-04-30T08:26:53.954361,352285448,847285496
2021-04-30T08:26:56.454583,325022472,874548472
2021-04-30T08:26:58.954806,293524376,906046568
2021-04-30T08:27:01.455034,268297952,931272992
2021-04-30T08:27:03.955267,241094792,958476152
2021-04-30T08:27:06.455559,215928584,983642360
2021-04-30T08:27:08.955831,856387096,343183848
2021-04-30T08:27:11.456062,829141568,370429376
2021-04-30T08:27:13.956285,799912568,399658376
2021-04-30T08:27:16.456508,772583424,426987520
2021-04-30T08:27:18.956727,745109952,454460992
2021-04-30T08:27:21.456964,720020592,479550352
2021-04-30T08:27:23.957216,692727992,506842952
2021-04-30T08:27:26.457468,663531520,536039424
2021-04-30T08:27:28.957689,636071792,563499152
2021-04-30T08:27:31.457899,610971336,588599608
2021-04-30T08:27:33.958113,579565072,620005872
2021-04-30T08:27:36.458348,543937728,655633216
2021-04-30T08:27:38.958580,514550696,685020248
2021-04-30T08:27:41.458811,487370752,712200192
2021-04-30T08:27:43.959037,462054144,737516800
2021-04-30T08:27:46.459268,432844800,766726144
2021-04-30T08:27:48.959493,405529024,794041920
2021-04-30T08:27:51.459718,378318848,821252096
2021-04-30T08:27:53.959940,350982816,848588128
2021-04-30T08:27:56.460155,325859528,873711416
2021-04-30T08:27:58.960384,296391088,903179856
2021-04-30T08:28:01.460623,271271152,928299792
2021-04-30T08:28:03.960852,244101120,955469824
2021-04-30T08:28:06.461071,216601416,982969528
2021-04-30T08:28:08.961285,868033168,331537776
2021-04-30T08:28:11.461504,840667808,358903136
2021-04-30T08:28:13.961748,809393216,390177728
2021-04-30T08:28:16.461969,784227392,415343552
2021-04-30T08:28:18.962205,754695504,444875440
2021-04-30T08:28:21.462439,727499872,472071072
2021-04-30T08:28:23.962656,698222088,501348856
2021-04-30T08:28:26.462879,670981184,528589760
2021-04-30T08:28:28.963101,643612608,555958336
2021-04-30T08:28:31.463314,616420312,583150632
2021-04-30T08:28:33.963536,589048496,610522448
2021-04-30T08:28:36.463761,561929280,637641664
2021-04-30T08:28:38.963974,534333960,665236984
2021-04-30T08:28:41.464192,507403328,692167616
2021-04-30T08:28:43.964414,480030352,719540592
2021-04-30T08:28:46.464634,450752664,748818280
2021-04-30T08:28:48.964867,423464320,776106624
2021-04-30T08:28:51.465110,396194968,803375976
2021-04-30T08:28:53.965333,370849624,828721320
2021-04-30T08:28:56.465551,341585808,857985136
2021-04-30T08:28:58.965790,312366144,887204800
2021-04-30T08:29:01.466010,232617376,966953568
2021-04-30T08:29:03.966250,201217088,998353856
2021-04-30T08:29:06.466491,843399944,356171000
2021-04-30T08:29:08.966721,818099480,381471464
2021-04-30T08:29:11.466959,788828760,410742184
2021-04-30T08:29:13.967181,757398336,442172608
2021-04-30T08:29:16.467404,725957384,473613560
2021-04-30T08:29:18.967622,698601992,500968952
2021-04-30T08:29:21.467844,671431432,528139512
2021-04-30T08:29:23.968058,641956752,557614192
2021-04-30T08:29:26.468280,612713224,586857720
2021-04-30T08:29:28.968513,583353096,616217848
2021-04-30T08:29:31.468731,556071736,643499208
2021-04-30T08:29:33.968951,526650352,672920592
2021-04-30T08:29:36.469172,497336224,702234720
2021-04-30T08:29:38.969394,468000504,731570440
2021-04-30T08:29:41.469613,438647560,760923384
2021-04-30T08:29:43.969843,411386632,788184312
2021-04-30T08:29:46.470073,382044856,817526088
2021-04-30T08:29:48.970320,352666376,846904568
2021-04-30T08:29:51.470568,323304200,876266744
2021-04-30T08:29:53.970797,295976128,903594816
2021-04-30T08:29:56.471020,266623064,932947880
2021-04-30T08:29:58.971258,237286928,962284016
2021-04-30T08:30:01.471507,207901320,991669624
2021-04-30T08:30:03.971742,858677632,340893312
2021-04-30T08:30:06.471979,829319552,370251392
2021-04-30T08:30:08.972199,797860224,401710720
2021-04-30T08:30:11.472413,772512640,427058304
2021-04-30T08:30:13.972633,743287232,456283712
2021-04-30T08:30:16.472881,713840040,485730904
2021-04-30T08:30:18.973132,682516864,517054080
2021-04-30T08:30:21.473363,655251824,544319120
2021-04-30T08:30:23.973580,625893760,573677184
2021-04-30T08:30:26.473820,598632832,600938112
2021-04-30T08:30:28.974039,569167064,630403880
2021-04-30T08:30:31.474261,537813376,661757568
2021-04-30T08:30:33.974493,512513448,687057496
2021-04-30T08:30:36.474706,483227304,716343640
2021-04-30T08:30:38.974946,453883432,745687512
2021-04-30T08:30:41.475160,424507464,775063480
2021-04-30T08:30:43.975379,395136568,804434376
2021-04-30T08:30:46.475598,363736536,835834408
2021-04-30T08:30:48.975821,336427080,863143864
2021-04-30T08:30:51.476038,309193288,890377656
2021-04-30T08:30:53.976252,279863680,919707264
2021-04-30T08:30:56.476466,250490808,949080136
2021-04-30T08:30:58.976680,223184656,976386288
2021-04-30T08:31:01.476905,191770608,1007800336
2021-04-30T08:31:03.977132,845123408,354447536
2021-04-30T08:31:06.477351,815848072,383722872
2021-04-30T08:31:08.977579,786513344,413057600
2021-04-30T08:31:11.477797,759074992,440495952
2021-04-30T08:31:13.978031,729848448,469722496
2021-04-30T08:31:16.478304,700409864,499161080
2021-04-30T08:31:18.978578,671113312,528457632
2021-04-30T08:31:21.478912,641782808,557788136
2021-04-30T08:31:23.979298,610350528,589220416
2021-04-30T08:31:26.479503,578850640,620720304
2021-04-30T08:31:28.979702,553595488,645975456
2021-04-30T08:31:31.479902,524308032,675262912
2021-04-30T08:31:33.980101,499136720,700434224
2021-04-30T08:31:36.480317,469708344,729862600
2021-04-30T08:31:38.980522,442578368,756992576
2021-04-30T08:31:41.480726,411084912,788486032
2021-04-30T08:31:43.980926,385796416,813774528
2021-04-30T08:31:46.481127,354500032,845070912
2021-04-30T08:31:48.981334,325139904,874431040
2021-04-30T08:31:51.481536,297740808,901830136
2021-04-30T08:31:53.981739,268420152,931150792
2021-04-30T08:31:56.481940,234958256,964612688
2021-04-30T08:31:58.982139,209741232,989829712
2021-04-30T08:32:01.482355,861938880,337632064
2021-04-30T08:32:03.982557,832541464,367029480
2021-04-30T08:32:06.482782,803218624,396352320
2021-04-30T08:32:08.982988,775816760,423754184
2021-04-30T08:32:11.483191,748597768,450973176
2021-04-30T08:32:13.983403,717131688,482439256
2021-04-30T08:32:16.483607,689925832,509645112
2021-04-30T08:32:18.983806,660562256,539008688
2021-04-30T08:32:21.484007,631252160,568318784
2021-04-30T08:32:23.984210,603888688,595682256
2021-04-30T08:32:26.484419,574577528,624993416
2021-04-30T08:32:28.984627,545160840,654410104
2021-04-30T08:32:31.484826,515883976,683686968
2021-04-30T08:32:33.985028,488645824,710925120
2021-04-30T08:32:36.485222,459240968,740329976
2021-04-30T08:32:38.985424,429925568,769645376
2021-04-30T08:32:41.485621,402608400,796962544
2021-04-30T08:32:43.985817,373228744,826342200
2021-04-30T08:32:46.486016,343940288,855630656
2021-04-30T08:32:48.986214,316607264,882963680
2021-04-30T08:32:51.486413,287319232,912251712
2021-04-30T08:32:53.986606,259867264,939703680
2021-04-30T08:32:56.486812,228598976,970971968
2021-04-30T08:32:58.987006,201176096,998394848
2021-04-30T08:33:01.487215,853515680,346055264
2021-04-30T08:33:03.987422,826037856,373533088
2021-04-30T08:33:06.487621,796818624,402752320
2021-04-30T08:33:08.987816,769583672,429987272
2021-04-30T08:33:11.488014,738139224,461431720
2021-04-30T08:33:13.988212,708730248,490840696
2021-04-30T08:33:16.488413,679364648,520206296
2021-04-30T08:33:18.988615,647951856,551619088
2021-04-30T08:33:21.488813,620636928,578934016
2021-04-30T08:33:23.988999,595475144,604095800
2021-04-30T08:33:26.489195,568303008,631267936
2021-04-30T08:33:28.989393,538859376,660711568
2021-04-30T08:33:31.489592,509580704,689990240
2021-04-30T08:33:33.989788,484414880,715156064
2021-04-30T08:33:36.489990,454962688,744608256
2021-04-30T08:33:38.990188,423451664,776119280
2021-04-30T08:33:41.490387,396242800,803328144
2021-04-30T08:33:43.990593,368870728,830700216
2021-04-30T08:33:46.490804,337616288,861954656
2021-04-30T08:33:48.991005,310186016,889384928
2021-04-30T08:33:51.491208,280938736,918632208
2021-04-30T08:33:53.991404,251631008,947939936
2021-04-30T08:33:56.491602,224370080,975200864
2021-04-30T08:33:58.991803,194915800,1004655144
2021-04-30T08:34:01.492006,847076184,352494760
2021-04-30T08:34:03.992206,819836232,379734712
2021-04-30T08:34:06.492402,790448472,409122472
2021-04-30T08:34:08.992607,761156824,438414120
2021-04-30T08:34:11.492809,731850752,467720192
2021-04-30T08:34:13.993009,706583904,492987040
2021-04-30T08:34:16.493215,675145648,524425296
2021-04-30T08:34:18.993412,645664344,553906600
2021-04-30T08:34:21.493597,614400632,585170312
2021-04-30T08:34:23.993775,587103584,612467360
2021-04-30T08:34:26.493928,559821400,639749544
2021-04-30T08:34:28.994098,530474248,669096696
2021-04-30T08:34:31.494291,501128064,698442880
2021-04-30T08:34:33.994489,473705600,725865344
2021-04-30T08:34:36.494695,446585272,752985672
2021-04-30T08:34:38.994908,415098224,784472720
2021-04-30T08:34:41.495111,385667504,813903440
2021-04-30T08:34:43.995312,354363392,845207552
2021-04-30T08:34:46.495513,322765056,876805888
2021-04-30T08:34:48.995717,291446784,908124160
2021-04-30T08:34:51.495925,262088704,937482240
2021-04-30T08:34:53.996119,232717360,966853584
2021-04-30T08:34:56.496333,201220720,998350224
2021-04-30T08:34:58.996529,846000080,353570864
2021-04-30T08:35:01.496740,814582496,384988448
2021-04-30T08:35:03.996945,787275024,412295920
2021-04-30T08:35:06.497149,757979920,441591024
2021-04-30T08:35:08.997360,728602128,470968816
2021-04-30T08:35:11.497565,703364448,496206496
2021-04-30T08:35:13.997774,674043976,525526968
2021-04-30T08:35:16.497984,648775152,550795792
2021-04-30T08:35:18.998179,623667440,575903504
2021-04-30T08:35:21.498372,596388128,603182816
2021-04-30T08:35:23.998584,571320920,628250024
2021-04-30T08:35:26.498785,546159984,653410960
2021-04-30T08:35:28.998978,516809504,682761440
2021-04-30T08:35:31.499180,487449376,712121568
2021-04-30T08:35:33.999372,458039664,741531280
2021-04-30T08:35:36.499567,432904712,766666232
2021-04-30T08:35:38.999757,403461568,796109376
2021-04-30T08:35:41.499957,374131016,825439928
2021-04-30T08:35:44.000156,344845088,854725856
2021-04-30T08:35:46.500345,313335344,886235600
2021-04-30T08:35:49.000537,281828848,917742096
2021-04-30T08:35:51.500726,254549960,945020984
2021-04-30T08:35:54.000937,227379936,972191008
2021-04-30T08:35:56.501125,202129152,997441792
2021-04-30T08:35:59.001322,856403528,343167416
2021-04-30T08:36:01.501517,829108144,370462800
2021-04-30T08:36:04.001710,801753808,397817136
2021-04-30T08:36:06.501905,772411456,427159488
2021-04-30T08:36:09.002097,743073368,456497576
2021-04-30T08:36:11.502284,711577752,487993192
2021-04-30T08:36:14.002489,684437064,515133880
2021-04-30T08:36:16.502679,657077192,542493752
2021-04-30T08:36:19.002870,627729024,571841920
2021-04-30T08:36:21.503068,600550984,599019960
2021-04-30T08:36:24.003258,573112592,626458352
2021-04-30T08:36:26.503449,543810168,655760776
2021-04-30T08:36:29.003642,514343008,685227936
2021-04-30T08:36:31.503841,483110472,716460472
2021-04-30T08:36:34.004039,457815120,741755824
2021-04-30T08:36:36.504238,424390216,775180728
2021-04-30T08:36:39.004432,397082488,802488456
2021-04-30T08:36:41.504750,369746192,829824752
2021-04-30T08:36:44.005015,340492256,859078688
2021-04-30T08:36:46.505300,311144008,888426936
2021-04-30T08:36:49.005481,283736080,915834864
2021-04-30T08:36:51.505664,254411808,945159136
2021-04-30T08:36:54.005846,225021680,974549264
2021-04-30T08:36:56.506047,195746056,1003824888
2021-04-30T08:36:59.006231,854847784,344723160
2021-04-30T08:37:01.506415,825485336,374085608
2021-04-30T08:37:04.006598,794140656,405430288
2021-04-30T08:37:06.506795,766908112,432662832
2021-04-30T08:37:09.006973,741669952,457900992
2021-04-30T08:37:11.507159,714430208,485140736
2021-04-30T08:37:14.007344,687183288,512387656
2021-04-30T08:37:16.507533,657807096,541763848
2021-04-30T08:37:19.007710,628449920,571121024
2021-04-30T08:37:21.507891,599138000,600432944
2021-04-30T08:37:24.008068,571646104,627924840
2021-04-30T08:37:26.508247,542410024,657160920
2021-04-30T08:37:29.008426,512999200,686571744
2021-04-30T08:37:31.508604,483767048,715803896
2021-04-30T08:37:34.008802,456531664,743039280
2021-04-30T08:37:36.508992,429113464,770457480
2021-04-30T08:37:39.009169,397755776,801815168
2021-04-30T08:37:41.509369,370455024,829115920
2021-04-30T08:37:44.009547,343175208,856395736
2021-04-30T08:37:46.509737,313781312,885789632
2021-04-30T08:37:49.009921,286503000,913067944
2021-04-30T08:37:51.510112,255205072,944365872
2021-04-30T08:37:54.010298,227750368,971820576
2021-04-30T08:37:56.510497,198533704,1001037240
2021-04-30T08:37:59.010684,861316480,338254464
2021-04-30T08:38:01.510869,834372368,365198576
2021-04-30T08:38:04.011050,788133360,411437584
2021-04-30T08:38:06.511228,760869264,438701680
2021-04-30T08:38:09.011423,731588720,467982224
2021-04-30T08:38:11.511604,704276456,495294488
2021-04-30T08:38:14.011788,674949416,524621528
2021-04-30T08:38:16.511972,645592080,553978864
2021-04-30T08:38:19.012161,616182416,583388528
2021-04-30T08:38:21.512348,588905776,610665168
2021-04-30T08:38:24.012531,561645392,637925552
2021-04-30T08:38:26.512720,532289544,667281400
2021-04-30T08:38:29.012902,503005824,696565120
2021-04-30T08:38:31.513086,475616624,723954320
2021-04-30T08:38:34.013276,446272768,753298176
2021-04-30T08:38:36.513482,414944016,784626928
2021-04-30T08:38:39.013670,387620048,811950896
2021-04-30T08:38:41.513854,360344424,839226520
2021-04-30T08:38:44.014043,328861184,870709760
2021-04-30T08:38:46.514226,301635968,897934976
2021-04-30T08:38:49.014435,272183240,927387704
2021-04-30T08:38:51.514633,242944672,956626272
2021-04-30T08:38:54.014837,213617424,985953520
2021-04-30T08:38:56.515018,186254672,1013316272
2021-04-30T08:38:59.015202,846106312,353464632
2021-04-30T08:39:01.515389,816851504,382719440
2021-04-30T08:39:04.015583,789590576,409980368
2021-04-30T08:39:06.515767,760203656,439367288
2021-04-30T08:39:09.015955,730870320,468700624
2021-04-30T08:39:11.516162,705612632,493958312
2021-04-30T08:39:14.016355,676344368,523226576
2021-04-30T08:39:16.516539,646982192,552588752
2021-04-30T08:39:19.016719,619487896,580083048
2021-04-30T08:39:21.516904,588263984,611306960
2021-04-30T08:39:24.017088,558903856,640667088
2021-04-30T08:39:26.517267,529541680,670029264
2021-04-30T08:39:29.017468,500183600,699387344
2021-04-30T08:39:31.517643,470821424,728749520
2021-04-30T08:39:34.017826,443423352,756147592
2021-04-30T08:39:36.518006,414096784,785474160
2021-04-30T08:39:39.018190,384734344,814836600
2021-04-30T08:39:41.518373,357577264,841993680
2021-04-30T08:39:44.018560,326042856,873528088
2021-04-30T08:39:46.518744,300861824,898709120
2021-04-30T08:39:49.018934,269494832,930076112
2021-04-30T08:39:51.519117,240136752,959434192
2021-04-30T08:39:54.019306,210776624,988794320
2021-04-30T08:39:56.519493,183435632,1016135312
2021-04-30T08:39:59.019676,845483032,354087912
2021-04-30T08:40:01.519861,816153864,383417080
2021-04-30T08:40:04.020045,788974576,410596368
2021-04-30T08:40:06.520228,759568096,440002848
2021-04-30T08:40:09.020409,730184664,469386280
2021-04-30T08:40:11.520590,700800496,498770448
2021-04-30T08:40:14.020780,671536112,528034832
2021-04-30T08:40:16.520969,646337704,553233240
2021-04-30T08:40:19.021149,616953512,582617432
2021-04-30T08:40:21.521330,587617440,611953504
2021-04-30T08:40:24.021510,558225864,641345080
2021-04-30T08:40:26.521695,528836584,670734360
2021-04-30T08:40:29.021873,499567600,700003344
2021-04-30T08:40:31.522054,472115152,727455792
2021-04-30T08:40:34.022233,442706752,756864192
2021-04-30T08:40:36.522406,413532608,786038336
2021-04-30T08:40:39.022581,384134576,815436368
2021-04-30T08:40:41.522769,354761040,844809904
2021-04-30T08:40:44.022950,325351240,874219704
2021-04-30T08:40:46.523130,296061896,903509048
2021-04-30T08:40:49.023316,266776832,932794112
2021-04-30T08:40:51.523495,239520752,960050192
2021-04-30T08:40:54.023678,210133984,989436960
2021-04-30T08:40:56.523850,180749784,1018821160
2021-04-30T08:40:59.024026,849390456,350180488
2021-04-30T08:41:01.524204,822193336,377377608
2021-04-30T08:41:04.024382,794983240,404587704
2021-04-30T08:41:06.524560,769714008,429856936
2021-04-30T08:41:09.024742,744527584,455043360
2021-04-30T08:41:11.524918,717255720,482315224
2021-04-30T08:41:14.025100,671259808,528311136
2021-04-30T08:41:16.525279,512249608,687321336
2021-04-30T08:41:19.025467,331658152,867912792
2021-04-30T08:41:21.525647,304521152,895049792
2021-04-30T08:41:24.025817,277327416,922243528
2021-04-30T08:41:26.526001,249923328,949647616
2021-04-30T08:41:29.026181,220643840,978927104
2021-04-30T08:41:31.526368,193448544,1006122400
2021-04-30T08:41:34.026556,166146352,1033424592
2021-04-30T08:41:36.526742,810559368,389011576
2021-04-30T08:41:39.026926,781195256,418375688
2021-04-30T08:41:41.527105,753957048,445613896
2021-04-30T08:41:44.027288,726407064,473163880
2021-04-30T08:41:46.527466,699046168,500524776
2021-04-30T08:41:49.027645,669752664,529818280
2021-04-30T08:41:51.527828,642491936,557079008
2021-04-30T08:41:54.028012,613518408,586052536
2021-04-30T08:41:56.528198,587919592,611651352
2021-04-30T08:41:59.028377,558634904,640936040
2021-04-30T08:42:01.528567,531352936,668218008
2021-04-30T08:42:04.028774,506419496,693151448
2021-04-30T08:42:06.528961,477117976,722452968
2021-04-30T08:42:09.029231,447830072,751740872
2021-04-30T08:42:11.529404,420167632,779403312
2021-04-30T08:42:14.029576,395251152,804319792
2021-04-30T08:42:16.529752,365942528,833628416
2021-04-30T08:42:19.029920,336646152,862924792
2021-04-30T08:42:21.530090,309031056,890539888
2021-04-30T08:42:24.030260,281804952,917765992
2021-04-30T08:42:26.530434,252650320,946920624
2021-04-30T08:42:29.030608,225444152,974126792
2021-04-30T08:42:31.530812,197844968,1001725976
2021-04-30T08:42:34.030983,168521664,1031049280
2021-04-30T08:42:36.531151,820636536,378934408
2021-04-30T08:42:39.031316,793364776,406206168
2021-04-30T08:42:41.531491,766052192,433518752
2021-04-30T08:42:44.031669,736836784,462734160
2021-04-30T08:42:46.531845,709422192,490148752
2021-04-30T08:42:49.032022,680137648,519433296
2021-04-30T08:42:51.532194,652943704,546627240
2021-04-30T08:42:54.032365,625582152,573988792
2021-04-30T08:42:56.532548,596325552,603245392
2021-04-30T08:42:59.032724,569022280,630548664
2021-04-30T08:43:01.532898,541761192,657809752
2021-04-30T08:43:04.033088,514538672,685032272
2021-04-30T08:43:06.533263,487194432,712376512
2021-04-30T08:43:09.033433,459969352,739601592
2021-04-30T08:43:11.533600,432680248,766890696
2021-04-30T08:43:14.033772,405384376,794186568
2021-04-30T08:43:16.533945,378188320,821382624
2021-04-30T08:43:19.034116,348851960,850718984
2021-04-30T08:43:21.534289,321598640,877972304
2021-04-30T08:43:24.034458,294234336,905336608
2021-04-30T08:43:26.534628,267048912,932522032
2021-04-30T08:43:29.034807,239718848,959852096
2021-04-30T08:43:31.534976,212489840,987081104
2021-04-30T08:43:34.035147,185170536,1014400408
2021-04-30T08:43:36.535321,155827840,1043743104
2021-04-30T08:43:39.035496,815522592,384048352
2021-04-30T08:43:41.535674,788252176,411318768
2021-04-30T08:43:44.035856,759059424,440511520
2021-04-30T08:43:46.536028,727569424,472001520
2021-04-30T08:43:49.036201,700339168,499231776
2021-04-30T08:43:51.536370,673022544,526548400
2021-04-30T08:43:54.036546,645813216,553757728
2021-04-30T08:43:56.536718,618431688,581139256
2021-04-30T08:43:59.036892,589167136,610403808
2021-04-30T08:44:01.537067,563859016,635711928
2021-04-30T08:44:04.037236,534572896,664998048
2021-04-30T08:44:06.537409,507399136,692171808
2021-04-30T08:44:09.037580,479953880,719617064
2021-04-30T08:44:11.537755,450729816,748841128
2021-04-30T08:44:14.037925,423513056,776057888
2021-04-30T08:44:16.538092,394152928,805418016
2021-04-30T08:44:19.038261,366800296,832770648
2021-04-30T08:44:21.538434,339602480,859968464
2021-04-30T08:44:24.038609,312291168,887279776
2021-04-30T08:44:26.538788,282960312,916610632
2021-04-30T08:44:29.038962,255740896,943830048
2021-04-30T08:44:31.539138,228375184,971195760
2021-04-30T08:44:34.039314,201157920,998413024
2021-04-30T08:44:36.539487,173781368,1025789576
2021-04-30T08:44:39.039657,829752992,369817952
2021-04-30T08:44:41.539835,802444064,397126880
2021-04-30T08:44:44.040013,775169328,424401616
2021-04-30T08:44:46.540185,745831688,453739256
2021-04-30T08:44:49.040353,716537216,483033728
2021-04-30T08:44:51.540524,689205824,510365120
2021-04-30T08:44:54.040691,661981520,537589424
2021-04-30T08:44:56.540861,634596744,564974200
2021-04-30T08:44:59.041035,605383432,594187512
2021-04-30T08:45:01.541212,577949192,621621752
2021-04-30T08:45:04.041383,550835016,648735928
2021-04-30T08:45:06.541553,523504640,676066304
2021-04-30T08:45:09.041730,494190440,705380504
2021-04-30T08:45:11.541898,468960368,730610576
2021-04-30T08:45:14.042071,439653840,759917104
2021-04-30T08:45:16.542259,412472192,787098752
2021-04-30T08:45:19.042441,383112064,816458880
2021-04-30T08:45:21.542616,355820864,843750080
2021-04-30T08:45:24.042799,330559544,869011400
2021-04-30T08:45:26.542981,299225984,900344960
2021-04-30T08:45:29.043155,271940976,927629968
2021-04-30T08:45:31.543332,242558472,957012472
2021-04-30T08:45:34.043507,215337856,984233088
2021-04-30T08:45:36.543682,187936600,1011634344
2021-04-30T08:45:39.043850,158714752,1040856192
2021-04-30T08:45:41.544026,817198536,382372408
2021-04-30T08:45:44.044201,789942376,409628568
2021-04-30T08:45:46.544377,762618912,436952032
2021-04-30T08:45:49.044558,733384672,466186272
2021-04-30T08:45:51.544742,708144608,491426336
2021-04-30T08:45:54.044919,678770280,520800664
2021-04-30T08:45:56.545092,651519632,548051312
2021-04-30T08:45:59.045270,624165448,575405496
2021-04-30T08:46:01.545448,597031432,602539512
2021-04-30T08:46:04.045629,567717888,631853056
2021-04-30T08:46:06.545809,540227440,659343504
2021-04-30T08:46:09.045999,511090672,688480272
2021-04-30T08:46:11.546181,483777056,715793888
2021-04-30T08:46:14.046370,456508560,743062384
2021-04-30T08:46:16.546543,429225520,770345424
2021-04-30T08:46:19.046713,401916944,797654000
2021-04-30T08:46:21.546902,372616232,826954712
2021-04-30T08:46:24.047078,345303784,854267160
2021-04-30T08:46:26.547259,318018656,881552288
2021-04-30T08:46:29.047434,290780016,908790928
2021-04-30T08:46:31.547610,261484840,938086104
2021-04-30T08:46:34.047783,234083344,965487600
2021-04-30T08:46:36.547957,206981160,992589784
2021-04-30T08:46:39.048126,177645568,1021925376
2021-04-30T08:46:41.548293,840788352,358782592
2021-04-30T08:46:44.048467,813876240,385694704
2021-04-30T08:46:46.548641,786553880,413017064
2021-04-30T08:46:49.048816,757251312,442319632
2021-04-30T08:46:51.548989,729996680,469574264
2021-04-30T08:46:54.049170,702733712,496837232
2021-04-30T08:46:56.549340,675490904,524080040
2021-04-30T08:46:59.049513,644041328,555529616
2021-04-30T08:47:01.549693,616771872,582799072
2021-04-30T08:47:04.049874,589420872,610150072
2021-04-30T08:47:06.550047,562173384,637397560
2021-04-30T08:47:09.050221,534862536,664708408
2021-04-30T08:47:11.550393,505584224,693986720
2021-04-30T08:47:14.050568,478334056,721236888
2021-04-30T08:47:16.550742,451006136,748564808
2021-04-30T08:47:19.050925,423766184,775804760
2021-04-30T08:47:21.551098,392343160,807227784
2021-04-30T08:47:24.051274,365144160,834426784
2021-04-30T08:47:26.551444,337784024,861786920
2021-04-30T08:47:29.051606,310590880,888980064
2021-04-30T08:47:31.551778,283239344,916331600
2021-04-30T08:47:34.051923,255915560,943655384
2021-04-30T08:47:36.552072,224512048,975058896
2021-04-30T08:47:39.052249,197340232,1002230712
2021-04-30T08:47:41.552418,170030032,1029540912
2021-04-30T08:47:44.052590,831327232,368243712
2021-04-30T08:47:46.552760,806047600,393523344
2021-04-30T08:47:49.052928,778761704,420809240
2021-04-30T08:47:51.553102,747439104,452131840
2021-04-30T08:47:54.053273,722241064,477329880
2021-04-30T08:47:56.553445,692833376,506737568
2021-04-30T08:47:59.053618,665535368,534035576
2021-04-30T08:48:01.553803,638304256,561266688
2021-04-30T08:48:04.053984,608976704,590594240
2021-04-30T08:48:06.554159,579570240,620000704
2021-04-30T08:48:09.054331,554324224,645246720
2021-04-30T08:48:11.554522,525143040,674427904
2021-04-30T08:48:14.054692,497823936,701747008
2021-04-30T08:48:16.554865,470617088,728953856
2021-04-30T08:48:19.055048,441256960,758313984
2021-04-30T08:48:21.555221,413923296,785647648
2021-04-30T08:48:24.055394,384563728,815007216
2021-04-30T08:48:26.555571,359286432,840284512
2021-04-30T08:48:29.055752,328010752,871560192
2021-04-30T08:48:31.555934,302844928,896726016
2021-04-30T08:48:34.056109,273482752,926088192
2021-04-30T08:48:36.556285,246159816,953411128
2021-04-30T08:48:39.056456,216839736,982731208
2021-04-30T08:48:41.556626,189566776,1010004168
2021-04-30T08:48:44.056804,162181824,1037389120
2021-04-30T08:48:46.556984,828005560,371565384
2021-04-30T08:48:49.057160,800688480,398882464
2021-04-30T08:48:51.557330,771227528,428343416
2021-04-30T08:48:54.057501,741896560,457674384
2021-04-30T08:48:56.557671,712644384,486926560
2021-04-30T08:48:59.057850,687397816,512173128
2021-04-30T08:49:01.558030,660144192,539426752
2021-04-30T08:49:04.058203,632875152,566695792
2021-04-30T08:49:06.558370,603533840,596037104
2021-04-30T08:49:09.058541,574180928,625390016
2021-04-30T08:49:11.558711,546985144,652585800
2021-04-30T08:49:14.058900,519634272,679936672
2021-04-30T08:49:16.559079,488266936,711304008
2021-04-30T08:49:19.059250,463099064,736471880
2021-04-30T08:49:21.559428,435820312,763750632
2021-04-30T08:49:24.059599,406460184,793110760
2021-04-30T08:49:26.559771,379123136,820447808
2021-04-30T08:49:29.059946,354047160,845523784
2021-04-30T08:49:31.560119,326652056,872918888
2021-04-30T08:49:34.060295,297320120,902250824
2021-04-30T08:49:36.560474,265966776,933604168
2021-04-30T08:49:39.060649,240697720,958873224
2021-04-30T08:49:41.560824,211361104,988209840
2021-04-30T08:49:44.060995,182074040,1017496904
2021-04-30T08:49:46.561181,156858080,1042712864
2021-04-30T08:49:49.061361,822577384,376993560
2021-04-30T08:49:51.561539,797371000,402199944
2021-04-30T08:49:54.061713,770182416,429388528
2021-04-30T08:49:56.561882,740903672,458667272
2021-04-30T08:49:59.062053,715682872,483888072
2021-04-30T08:50:01.562228,688346352,511224592
2021-04-30T08:50:04.062401,663214456,536356488
2021-04-30T08:50:06.562580,636056816,563514128
2021-04-30T08:50:09.062772,608791792,590779152
2021-04-30T08:50:11.562942,579396264,620174680
2021-04-30T08:50:14.063115,552036520,647534424
2021-04-30T08:50:16.563286,520684704,678886240
2021-04-30T08:50:19.063465,493450480,706120464
2021-04-30T08:50:21.563636,465974184,733596760
2021-04-30T08:50:24.063812,434712792,764858152
2021-04-30T08:50:26.563980,405368048,794202896
2021-04-30T08:50:29.064150,375936792,823634152
2021-04-30T08:50:31.564318,348625016,850945928
2021-04-30T08:50:34.064486,319157440,880413504
2021-04-30T08:50:36.564663,289964600,909606344
2021-04-30T08:50:39.064841,260625248,938945696
2021-04-30T08:50:41.565016,235445360,964125584
2021-04-30T08:50:44.065185,210262296,989308648
2021-04-30T08:50:46.565357,185070960,1014499984
2021-04-30T08:50:49.065529,159817024,1039753920
2021-04-30T08:50:51.565701,829821504,369749440
2021-04-30T08:50:54.065879,804594008,394976936
2021-04-30T08:50:56.566064,779364864,420206080
2021-04-30T08:50:59.066246,754228936,445342008
2021-04-30T08:51:01.566423,727075752,472495192
2021-04-30T08:51:04.066595,699831024,499739920
2021-04-30T08:51:06.566785,672511856,527059088
2021-04-30T08:51:09.066970,645246040,554324904
2021-04-30T08:51:11.567143,617942920,581628024
2021-04-30T08:51:14.067316,590706368,608864576
2021-04-30T08:51:16.567493,563453200,636117744
2021-04-30T08:51:19.067665,534053784,665517160
2021-04-30T08:51:21.567837,506761528,692809416
2021-04-30T08:51:24.068008,479428048,720142896
2021-04-30T08:51:26.568186,452369136,747201808
2021-04-30T08:51:29.068357,425081848,774489096
2021-05-02T12:35:25.774565,798197472,149715232
2021-05-02T12:35:28.275481,767456992,180455712
2021-05-02T12:35:30.775747,765771264,182141440
2021-05-02T12:35:33.276042,765769216,182143488
2021-05-02T12:35:35.776306,765769216,182143488
2021-05-02T12:35:38.276572,765359824,182552880
2021-05-02T12:35:40.776846,765359824,182552880
2021-05-02T12:35:43.277131,765359824,182552880
2021-05-02T12:35:45.777458,765359824,182552880
2021-05-02T12:35:48.277722,765359824,182552880
2021-05-02T12:35:50.777989,765359824,182552880
2021-05-02T12:35:53.278265,765359824,182552880
2021-05-02T12:35:55.778540,765359824,182552880
2021-05-02T12:35:58.278810,512013824,435898880
2021-05-02T12:36:00.779061,268962984,678949720
2021-05-02T12:36:03.279301,683245944,264666760
2021-05-02T12:36:05.779534,667168864,280743840
2021-05-02T12:36:08.279769,652763072,295149632
2021-05-02T12:36:10.780014,636766552,311146152
2021-05-02T12:36:13.280254,619403792,328508912
2021-05-02T12:36:15.780505,673995248,273917456
2021-05-02T12:36:18.280754,656374464,291538240
2021-05-02T12:36:20.780997,636246520,311666184
2021-05-02T12:36:23.281235,618460200,329452504
2021-05-02T12:36:25.781463,599858176,348054528
2021-05-02T12:36:28.281705,581067568,366845136
2021-05-02T12:36:30.781959,560320840,387591864
2021-05-02T12:36:33.282196,543275992,404636712
2021-05-02T12:36:35.782433,523888592,424024112
2021-05-02T12:36:38.282682,503537920,444374784
2021-05-02T12:36:40.782921,484959520,462953184
2021-05-02T12:36:43.283156,467485352,480427352
2021-05-02T12:36:45.783402,448333296,499579408
2021-05-02T12:36:48.283644,428543088,519369616
2021-05-02T12:36:50.783883,410534640,537378064
2021-05-02T12:36:53.284110,639210744,308701960
2021-05-02T12:36:55.784342,608895808,339016896
2021-05-02T12:36:58.284591,580260352,367652352
2021-05-02T12:37:00.784840,555094528,392818176
2021-05-02T12:37:03.285084,525734400,422178304
2021-05-02T12:37:05.785319,499845960,448066744
2021-05-02T12:37:08.285558,471022712,476889992
2021-05-02T12:37:10.785801,443306440,504606264
2021-05-02T12:37:13.286042,421661704,526251000
2021-05-02T12:37:15.786289,404004424,543908280
2021-05-02T12:37:18.286549,384598368,563314336
2021-05-02T12:37:20.786786,364389888,583522816
2021-05-02T12:37:23.287022,679707104,268205600
2021-05-02T12:37:25.787263,660819720,287092984
2021-05-02T12:37:28.287505,641070856,306841848
2021-05-02T12:37:30.787740,622196488,325716216
2021-05-02T12:37:33.287982,602145152,345767552
2021-05-02T12:37:35.788234,583452912,364459792
2021-05-02T12:37:38.288470,505637496,442275208
2021-05-02T12:37:40.789029,478373856,469538848
2021-05-02T12:37:43.289256,455305880,492606824
2021-05-02T12:37:45.789489,429229048,518683656
2021-05-02T12:37:48.289718,401883232,546029472
2021-05-02T12:37:50.789945,377749888,570162816
2021-05-02T12:37:53.290168,351555432,596357272
2021-05-02T12:37:55.790398,682077000,265835704
2021-05-02T12:37:58.290634,656050688,291862016
2021-05-02T12:38:00.790866,630884864,317027840
2021-05-02T12:38:03.291105,605719040,342193664
2021-05-02T12:38:05.791365,559581696,388331008
2021-05-02T12:38:08.291606,534415872,413496832
2021-05-02T12:38:10.791869,507012464,440900240
2021-05-02T12:38:13.292092,481876656,466036048
2021-05-02T12:38:15.792322,456682896,491229808
2021-05-02T12:38:18.292548,429520192,518392512
2021-05-02T12:38:20.792773,400129512,547783192
2021-05-02T12:38:23.292997,371750992,576161712
2021-05-02T12:38:25.793220,344542352,603370352
2021-05-02T12:38:28.293443,317203336,630709368
2021-05-02T12:38:30.793681,668528472,279384232
2021-05-02T12:38:33.293909,639133640,308779064
2021-05-02T12:38:35.794151,613075528,334837176
2021-05-02T12:38:38.294374,584735512,363177192
2021-05-02T12:38:40.794594,557468592,390444112
2021-05-02T12:38:43.294814,531284512,416628192
2021-05-02T12:38:45.795041,497728016,450184688
2021-05-02T12:38:48.295266,469433424,478479280
2021-05-02T12:38:50.795491,445427456,502485248
2021-05-02T12:38:53.295722,416926456,530986248
2021-05-02T12:38:55.795956,390779008,557133696
2021-05-02T12:38:58.296186,363548664,584364040
2021-05-02T12:39:00.796410,337209608,610703096
2021-05-02T12:39:03.296632,307845752,640066952
2021-05-02T12:39:05.796863,675377656,272535048
2021-05-02T12:39:08.297095,648028552,299884152
2021-05-02T12:39:10.797314,620730448,327182256
2021-05-02T12:39:13.297541,590151784,357760920
2021-05-02T12:39:15.797774,560902632,387010072
2021-05-02T12:39:18.297998,536905896,411006808
2021-05-02T12:39:20.798248,507605496,440307208
2021-05-02T12:39:23.298485,480280304,467632400
2021-05-02T12:39:25.798710,453799600,494113104
2021-05-02T12:39:28.298929,425780744,522131960
2021-05-02T12:39:30.799153,397219424,550693280
2021-05-02T12:39:33.299384,369152496,578760208
2021-05-02T12:39:35.799607,336348760,611563944
2021-05-02T12:39:38.299829,308310680,639602024
2021-05-02T12:39:40.800059,281083320,666829384
2021-05-02T12:39:43.300291,661979544,285933160
2021-05-02T12:39:45.800522,636813720,311098984
2021-05-02T12:39:48.300746,607453592,340459112
2021-05-02T12:39:50.800984,578093464,369819240
2021-05-02T12:39:53.301217,549530672,398382032
2021-05-02T12:39:55.801454,523567512,424345192
2021-05-02T12:39:58.301676,496185976,451726728
2021-05-02T12:40:00.801903,467653272,480259432
2021-05-02T12:40:03.302129,439606144,508306560
2021-05-02T12:40:05.802353,412321752,535590952
2021-05-02T12:40:08.302580,385105856,562806848
2021-05-02T12:40:10.802812,355779272,592133432
2021-05-02T12:40:13.303040,329235448,618677256
2021-05-02T12:40:15.803268,301909072,646003632
2021-05-02T12:40:18.303493,273831488,674081216
2021-05-02T12:40:20.803719,666010256,281902448
2021-05-02T12:40:23.303946,638822496,309090208
2021-05-02T12:40:25.804178,610848288,337064416
2021-05-02T12:40:28.304400,583530312,364382392
2021-05-02T12:40:30.804634,556236304,391676400
2021-05-02T12:40:33.304859,525608720,422303984
2021-05-02T12:40:35.805081,498249648,449663056
2021-05-02T12:40:38.305307,470961064,476951640
2021-05-02T12:40:40.805539,443667528,504245176
2021-05-02T12:40:43.305842,413756104,534156600
2021-05-02T12:40:45.806101,387029136,560883568
2021-05-02T12:40:48.306329,357084480,590828224
2021-05-02T12:40:50.806549,329807048,618105656
2021-05-02T12:40:53.306772,302527192,645385512
2021-05-02T12:40:55.807006,275235008,672677696
2021-05-02T12:40:58.307237,246543664,701369040
2021-05-02T12:41:00.807465,661718792,286193912
2021-05-02T12:41:03.307689,634399552,313513152
2021-05-02T12:41:05.807920,603000584,344912120
2021-05-02T12:41:08.308162,575688448,372224256
2021-05-02T12:41:10.808395,548474632,399438072
2021-05-02T12:41:13.308631,519060968,428851736
2021-05-02T12:41:15.808861,491676232,456236472
2021-05-02T12:41:18.309087,464586504,483326200
2021-05-02T12:41:20.809319,435228424,512684280
2021-05-02T12:41:23.309544,407961336,539951368
2021-05-02T12:41:25.809767,379243960,568668744
2021-05-02T12:41:28.309991,351912800,595999904
2021-05-02T12:41:30.810213,324068048,623844656
2021-05-02T12:41:33.310437,294694184,653218520
2021-05-02T12:41:35.810658,267444968,680467736
2021-05-02T12:41:38.310880,240109360,707803344
2021-05-02T12:41:40.811101,669500920,278411784
2021-05-02T12:41:43.311322,641671880,306240824
2021-05-02T12:41:45.811545,612308624,335604080
2021-05-02T12:41:48.311770,585029000,362883704
2021-05-02T12:41:50.811987,551525320,396387384
2021-05-02T12:41:53.312221,522153768,425758936
2021-05-02T12:41:55.812513,492814064,455098640
2021-05-02T12:41:58.312761,463455984,484456720
2021-05-02T12:42:00.813018,435984208,511928496
2021-05-02T12:42:03.313230,406809712,541102992
2021-05-02T12:42:05.813450,379531744,568380960
2021-05-02T12:42:08.313683,352188016,595724688
2021-05-02T12:42:10.813934,323458272,624454432
2021-05-02T12:42:13.314182,294207904,653704800
2021-05-02T12:42:15.814402,266844480,681068224
2021-05-02T12:42:18.314634,239607872,708304832
2021-05-02T12:42:20.814859,679104888,268807816
2021-05-02T12:42:23.315079,652130336,295782368
2021-05-02T12:42:25.815297,624857168,323055536
2021-05-02T12:42:28.315513,597038240,350874464
2021-05-02T12:42:30.815727,568224496,379688208
2021-05-02T12:42:33.315941,542478592,405434112
2021-05-02T12:42:35.816188,515119256,432793448
2021-05-02T12:42:38.316404,475428520,472484184
2021-05-02T12:42:40.816621,446099720,501812984
2021-05-02T12:42:43.316836,416760984,531151720
2021-05-02T12:42:45.817052,391418208,556494496
2021-05-02T12:42:48.317281,360127280,587785424
2021-05-02T12:42:50.817506,332876952,615035752
2021-05-02T12:42:53.317725,305486688,642426016
2021-05-02T12:42:55.817950,278751208,669161496
2021-05-02T12:42:58.318178,248990872,698921832
2021-05-02T12:43:00.818427,221610712,726301992
2021-05-02T12:43:03.318649,676215544,271697160
2021-05-02T12:43:05.818879,646824704,301088000
2021-05-02T12:43:08.319094,619523304,328389400
2021-05-02T12:43:10.819314,592261336,355651368
2021-05-02T12:43:13.319532,565521880,382390824
2021-05-02T12:43:15.819773,537770752,410141952
2021-05-02T12:43:18.319986,504693800,443218904
2021-05-02T12:43:20.820207,478923136,468989568
2021-05-02T12:43:23.320425,449643304,498269400
2021-05-02T12:43:25.820665,422217592,525695112
2021-05-02T12:43:28.320900,392985384,554927320
2021-05-02T12:43:30.821119,365642704,582270000
2021-05-02T12:43:33.321341,336416184,611496520
2021-05-02T12:43:35.821556,308986520,638926184
2021-05-02T12:43:38.321785,281797040,666115664
2021-05-02T12:43:40.821998,250460928,697451776
2021-05-02T12:43:43.322217,223197952,724714752
2021-05-02T12:43:45.822431,677918552,269994152
2021-05-02T12:43:48.322648,652313264,295599440
2021-05-02T12:43:50.822879,622967088,324945616
2021-05-02T12:43:53.323095,595767264,352145440
2021-05-02T12:43:55.823315,568352216,379560488
2021-05-02T12:43:58.323532,539125656,408787048
2021-05-02T12:44:00.823745,457371800,490540904
2021-05-02T12:44:03.323962,425894960,522017744
2021-05-02T12:44:05.824190,395047032,552865672
2021-05-02T12:44:08.324411,369358800,578553904
2021-05-02T12:44:10.824625,339909632,608003072
2021-05-02T12:44:13.324846,308458744,639453960
2021-05-02T12:44:15.825069,277084112,670828592
2021-05-02T12:44:18.325294,248701536,699211168
2021-05-02T12:44:20.825520,220927456,726985248
2021-05-02T12:44:23.325736,189526656,758386048
2021-05-02T12:44:25.825955,648399560,299513144
2021-05-02T12:44:28.326175,620701416,327211288
2021-05-02T12:44:30.826399,589180480,358732224
2021-05-02T12:44:33.326636,561919232,385993472
2021-05-02T12:44:35.826874,530475368,417437336
2021-05-02T12:44:38.327118,503657904,444254800
2021-05-02T12:44:40.827339,474223848,473688856
2021-05-02T12:44:43.327569,442977104,504935600
2021-05-02T12:44:45.827810,411493896,536418808
2021-05-02T12:44:48.328035,384197688,563715016
2021-05-02T12:44:50.828253,354791976,593120728
2021-05-02T12:44:53.328494,324967112,622945592
2021-05-02T12:44:55.828725,295628752,652283952
2021-05-02T12:44:58.328952,266747944,681164760
2021-05-02T12:45:00.829192,239449264,708463440
2021-05-02T12:45:03.329421,207517088,740395616
2021-05-02T12:45:05.829642,180257144,767655560
2021-05-02T12:45:08.329859,642577248,305335456
2021-05-02T12:45:10.830080,615534168,332378536
2021-05-02T12:45:13.330314,585954112,361958592
2021-05-02T12:45:15.830534,556833824,391078880
2021-05-02T12:45:18.330752,527473344,420439360
2021-05-02T12:45:20.831010,498117656,449795048
2021-05-02T12:45:23.331244,468817616,479095088
2021-05-02T12:45:25.831464,437091472,510821232
2021-05-02T12:45:28.331678,411792016,536120688
2021-05-02T12:45:30.831892,380406584,567506120
2021-05-02T12:45:33.332109,353082968,594829736
2021-05-02T12:45:35.832340,324128544,623784160
2021-05-02T12:45:38.332556,296495184,651417520
2021-05-02T12:45:40.832780,264912792,682999912
2021-05-02T12:45:43.333002,233618304,714294400
2021-05-02T12:45:45.833226,204538688,743374016
2021-05-02T12:45:48.333445,177273392,770639312
2021-05-02T12:45:50.833731,653004272,294908432
2021-05-02T12:45:53.333951,623440936,324471768
2021-05-02T12:45:55.834166,594270896,353641808
2021-05-02T12:45:58.334392,562719360,385193344
2021-05-02T12:46:00.834669,531277328,416635376
2021-05-02T12:46:03.334997,506027200,441885504
2021-05-02T12:46:05.835376,474618744,473293960
2021-05-02T12:46:08.335583,447282024,500630680
2021-05-02T12:46:10.835794,415841136,532071568
2021-05-02T12:46:13.336004,388787656,559125048
2021-05-02T12:46:15.836211,357153088,590759616
2021-05-02T12:46:18.336416,325756432,622156272
2021-05-02T12:46:20.836623,296460264,651452440
2021-05-02T12:46:23.336829,264901968,683010736
2021-05-02T12:46:25.837037,235720744,712191960
2021-05-02T12:46:28.337247,210356928,737555776
2021-05-02T12:46:30.837453,181226360,766686344
2021-05-02T12:46:33.337649,663483488,284429216
2021-05-02T12:46:35.837853,636195376,311717328
2021-05-02T12:46:38.338057,604739344,343173360
2021-05-02T12:46:40.838267,577462600,370450104
2021-05-02T12:46:43.338476,548172736,399739968
2021-05-02T12:46:45.838681,516710144,431202560
2021-05-02T12:46:48.338881,489443528,458469176
2021-05-02T12:46:50.839083,457916656,489996048
2021-05-02T12:46:53.339285,428626096,519286608
2021-05-02T12:46:55.839496,399398720,548513984
2021-05-02T12:46:58.339706,371961424,575951280
2021-05-02T12:47:00.839911,340486464,607426240
2021-05-02T12:47:03.340127,313191104,634721600
2021-05-02T12:47:05.840336,281893424,666019280
2021-05-02T12:47:08.340545,252574936,695337768
2021-05-02T12:47:10.840756,221093096,726819608
2021-05-02T12:47:13.340971,193712200,754200504
2021-05-02T12:47:15.841178,164451024,783461680
2021-05-02T12:47:18.341382,648013248,299899456
2021-05-02T12:47:20.841587,618704864,329207840
2021-05-02T12:47:23.341787,593481928,354430776
2021-05-02T12:47:25.841993,562015608,385897096
2021-05-02T12:47:28.342197,532653712,415258992
2021-05-02T12:47:30.842405,503248096,444664608
2021-05-02T12:47:33.342610,473983456,473929248
2021-05-02T12:47:35.842817,444575112,503337592
2021-05-02T12:47:38.343017,417339184,530573520
2021-05-02T12:47:40.843220,385778752,562133952
2021-05-02T12:47:43.343416,356530360,591382344
2021-05-02T12:47:45.843627,327122056,620790648
2021-05-02T12:47:48.343827,297814096,650098608
2021-05-02T12:47:50.844036,266381752,681530952
2021-05-02T12:47:53.344243,241178168,706734536
2021-05-02T12:47:55.844435,209669536,738243168
2021-05-02T12:47:58.344627,182457896,765454808
2021-05-02T12:48:00.844830,153045072,794867632
2021-05-02T12:48:03.345039,652719360,295193344
2021-05-02T12:48:05.845244,623328336,324584368
2021-05-02T12:48:08.345448,589804800,358107904
2021-05-02T12:48:10.845672,560431664,387481040
2021-05-02T12:48:13.345872,528968840,418943864
2021-05-02T12:48:15.846074,501704032,446208672
2021-05-02T12:48:18.346280,474411032,473501672
2021-05-02T12:48:20.846479,447196416,500716288
2021-05-02T12:48:23.346680,417742288,530170416
2021-05-02T12:48:25.846882,386358464,561554240
2021-05-02T12:48:28.347081,359116032,588796672
2021-05-02T12:48:30.847297,327589136,620323568
2021-05-02T12:48:33.347507,296203520,651709184
2021-05-02T12:48:35.847709,268842184,679070520
2021-05-02T12:48:38.347907,241600208,706312496
2021-05-02T12:48:40.848101,212266968,735645736
2021-05-02T12:48:43.348303,182957312,764955392
2021-05-02T12:48:45.848517,155540152,792372552
2021-05-02T12:48:48.348723,660866600,287046104
2021-05-02T12:48:50.848920,631541224,316371480
2021-05-02T12:48:53.349119,606258624,341654080
2021-05-02T12:48:55.849320,574837560,373075144
2021-05-02T12:48:58.349522,545506096,402406608
2021-05-02T12:49:00.849728,516111480,431801224
2021-05-02T12:49:03.349923,486794080,461118624
2021-05-02T12:49:05.850122,455387352,492525352
2021-05-02T12:49:08.350324,426048896,521863808
2021-05-02T12:49:10.850523,398716928,549195776
2021-05-02T12:49:13.350727,367273968,580638736
2021-05-02T12:49:15.850940,339807648,608105056
2021-05-02T12:49:18.351146,310658040,637254664
2021-05-02T12:49:20.851344,283317392,664595312
2021-05-02T12:49:23.351546,249888128,698024576
2021-05-02T12:49:25.851750,220506320,727406384
2021-05-02T12:49:28.351957,193241192,754671512
2021-05-02T12:49:30.852174,165906408,782006296
2021-05-02T12:49:33.357788,132447616,815465088
2021-05-02T12:49:35.857998,636845640,311067064
2021-05-02T12:49:38.358207,605466824,342445880
2021-05-02T12:49:40.858408,573888904,374023800
2021-05-02T12:49:43.358605,544510200,403402504
2021-05-02T12:49:45.858812,517236336,430676368
2021-05-02T12:49:48.359015,481629936,466282768
2021-05-02T12:49:50.859210,452212728,495699976
2021-05-02T12:49:53.359416,420917448,526995256
2021-05-02T12:49:55.859637,391527888,556384816
2021-05-02T12:49:58.359836,360064672,587848032
2021-05-02T12:50:00.860047,330675896,617236808
2021-05-02T12:50:03.360245,303474888,644437816
2021-05-02T12:50:05.860449,276183136,671729568
2021-05-02T12:50:08.360671,250940448,696972256
2021-05-02T12:50:10.860881,223749768,724162936
2021-05-02T12:50:13.361078,198501224,749411480
2021-05-02T12:50:15.861279,173318184,774594520
2021-05-02T12:50:18.361471,148213752,799698952
2021-05-02T12:50:20.861659,655632400,292280304
2021-05-02T12:50:23.361851,624146200,323766504
2021-05-02T12:50:25.862040,596917256,350995448
2021-05-02T12:50:28.362235,565500856,382411848
2021-05-02T12:50:30.862429,538296960,409615744
2021-05-02T12:50:33.362628,508936832,438975872
2021-05-02T12:50:35.862819,477445512,470467192
2021-05-02T12:50:38.363011,447988024,499924680
2021-05-02T12:50:40.863198,416644704,531268000
2021-05-02T12:50:43.363387,389261488,558651216
2021-05-02T12:50:45.863569,360029304,587883400
2021-05-02T12:50:48.363758,330629960,617282744
2021-05-02T12:50:50.863946,301182104,646730600
2021-05-02T12:50:53.364143,274000344,673912360
2021-05-02T12:50:55.864336,240501376,707411328
2021-05-02T12:50:58.364525,213200784,734711920
2021-05-02T12:51:00.864720,181781120,766131584
2021-05-02T12:51:03.364913,152420992,795491712
2021-05-02T12:51:05.865101,665628848,282283856
2021-05-02T12:51:08.365290,640661224,307251480
2021-05-02T12:51:10.865483,611363120,336549584
2021-05-02T12:51:13.365671,582027152,365885552
2021-05-02T12:51:15.865861,552576896,395335808
2021-05-02T12:51:18.366048,523254856,424657848
2021-05-02T12:51:20.866235,493837480,454075224
2021-05-02T12:51:23.366458,464531224,483381480
2021-05-02T12:51:25.866710,433107752,514804952
2021-05-02T12:51:28.366980,403777496,544135208
2021-05-02T12:51:30.867160,376426680,571486024
2021-05-02T12:51:33.367343,343020624,604892080
2021-05-02T12:51:35.867529,317686776,630225928
2021-05-02T12:51:38.367703,288405712,659506992
2021-05-02T12:51:40.867879,257039456,690873248
2021-05-02T12:51:43.368062,229730968,718181736
2021-05-02T12:51:45.868242,198319200,749593504
2021-05-02T12:51:48.368437,166818632,781094072
2021-05-02T12:51:50.868617,135404640,812508064
2021-05-02T12:51:53.368803,647153984,300758720
2021-05-02T12:51:55.868988,619813760,328098944
2021-05-02T12:51:58.369167,594644744,353267960
2021-05-02T12:52:00.869341,567423648,380489056
2021-05-02T12:52:03.369512,535993856,411918848
2021-05-02T12:52:05.869694,508722736,439189968
2021-05-02T12:52:08.369870,479366920,468545784
2021-05-02T12:52:10.870044,451894648,496018056
2021-05-02T12:52:13.370218,422686288,525226416
2021-05-02T12:52:15.870391,393204048,554708656
2021-05-02T12:52:18.370565,361960176,585952528
2021-05-02T12:52:20.870745,334448976,613463728
2021-05-02T12:52:23.370922,305220224,642692480
2021-05-02T12:52:25.871099,275844320,672068384
2021-05-02T12:52:28.371273,244444048,703468656
2021-05-02T12:52:30.871452,217103088,730809616
2021-05-02T12:52:33.371630,187705416,760207288
2021-05-02T12:52:35.871809,158420400,789492304
2021-05-02T12:52:38.371988,129070880,818841824
2021-05-02T12:52:40.872185,640690696,307222008
2021-05-02T12:52:43.372379,611488568,336424136
2021-05-02T12:52:45.872566,582094912,365817792
2021-05-02T12:52:48.372752,554879408,393033296
2021-05-02T12:52:50.872936,523348856,424563848
2021-05-02T12:52:53.373130,479443808,468468896
2021-05-02T12:52:55.873322,447874368,500038336
2021-05-02T12:52:58.373504,418559768,529352936
2021-05-02T12:53:00.873682,389216128,558696576
2021-05-02T12:53:03.373860,361939984,585972720
2021-05-02T12:53:05.874034,332494168,615418536
2021-05-02T12:53:08.374208,301128920,646783784
2021-05-02T12:53:10.874381,271743872,676168832
2021-05-02T12:53:13.374566,242357088,705555616
2021-05-02T12:53:15.874746,215101952,732810752
2021-05-02T12:53:18.374920,183667368,764245336
2021-05-02T12:53:20.875096,154320432,793592272
2021-05-02T12:53:23.375274,127109032,820803672
2021-05-02T12:53:25.875456,639806664,308106040
2021-05-02T12:53:28.375640,610482472,337430232
2021-05-02T12:53:30.875825,581101904,366810800
2021-05-02T12:53:33.376010,553771880,394140824
2021-05-02T12:53:35.876186,524395216,423517488
2021-05-02T12:53:38.376366,493026200,454886504
2021-05-02T12:53:40.876556,463713088,484199616
2021-05-02T12:53:43.376735,434315848,513596856
2021-05-02T12:53:45.876920,404992832,542919872
2021-05-02T12:53:48.377101,377568440,570344264
2021-05-02T12:53:50.877280,348268472,599644232
2021-05-02T12:53:53.377456,316910400,631002304
2021-05-02T12:53:55.877643,285391784,662520920
2021-05-02T12:53:58.377826,258171408,689741296
2021-05-02T12:54:00.878013,230769200,717143504
2021-05-02T12:54:03.378197,201460920,746451784
2021-05-02T12:54:05.878384,172045112,775867592
2021-05-02T12:54:08.378566,140749632,807163072
2021-05-02T12:54:10.878751,658516944,289395760
2021-05-02T12:54:13.378931,629155432,318757272
2021-05-02T12:54:15.879110,599766120,348146584
2021-05-02T12:54:18.379291,570453896,377458808
2021-05-02T12:54:20.879477,541123792,406788912
2021-05-02T12:54:23.379658,513879784,434032920
2021-05-02T12:54:25.879838,484510048,463402656
2021-05-02T12:54:28.380033,455097080,492815624
2021-05-02T12:54:30.880218,423697328,524215376
2021-05-02T12:54:33.380407,394340224,553572480
2021-05-02T12:54:35.880596,366963624,580949080
2021-05-02T12:54:38.380779,339768528,608144176
2021-05-02T12:54:40.880962,310314312,637598392
2021-05-02T12:54:43.381141,283051960,664860744
2021-05-02T12:54:45.881321,251590408,696322296
2021-05-02T12:54:48.381496,222371104,725541600
2021-05-02T12:54:50.881677,195050344,752862360
2021-05-02T12:54:53.381859,165662032,782250672
2021-05-02T12:54:55.882042,136271888,811640816
2021-05-02T12:54:58.382223,649503576,298409128
2021-05-02T12:55:00.882407,622310416,325602288
2021-05-02T12:55:03.382583,594875424,353037280
2021-05-02T12:55:05.882770,563590160,384322544
2021-05-02T12:55:08.382960,534227984,413684720
2021-05-02T12:55:10.883154,504783048,443129656
2021-05-02T12:55:13.383336,477582024,470330680
2021-05-02T12:55:15.883518,448058224,499854480
2021-05-02T12:55:18.383697,418789624,529123080
2021-05-02T12:55:20.883876,389451376,558461328
2021-05-02T12:55:23.384056,362225280,585687424
2021-05-02T12:55:25.884236,332809768,615102936
2021-05-02T12:55:28.384430,303491184,644421520
2021-05-02T12:55:30.884612,274127216,673785488
2021-05-02T12:55:33.384803,244823056,703089648
2021-05-02T12:55:35.884988,215460880,732451824
2021-05-02T12:55:38.385181,186102800,761809904
2021-05-02T12:55:40.885369,154591936,793320768
2021-05-02T12:55:43.385554,127362760,820549944
2021-05-02T12:55:45.885738,647147976,300764728
2021-05-02T12:55:48.385920,621969992,325942712
2021-05-02T12:55:50.886100,594645920,353266784
2021-05-02T12:55:53.386286,569476408,378436296
2021-05-02T12:55:55.886467,540151008,407761696
2021-05-02T12:55:58.386650,519105984,428806720
2021-05-02T12:56:00.886846,571771896,376140808
2021-05-02T12:56:03.387050,431736576,516176128
2021-05-02T12:56:05.887235,561335216,386577488
2021-05-02T12:56:08.387418,532081856,415830848
2021-05-02T12:56:10.887602,507219216,440693488
2021-05-02T12:56:13.387786,477458584,470454120
2021-05-02T12:56:15.887975,448095568,499817136
2021-05-02T12:56:18.388163,420932800,526979904
2021-05-02T12:56:20.888350,391843816,556068888
2021-05-02T12:56:23.388533,364654784,583257920
2021-05-02T12:56:25.888719,334843168,613069536
2021-05-02T12:56:28.388894,307672000,640240704
2021-05-02T12:56:30.889070,280750104,667162600
2021-05-02T12:56:33.389251,250991264,696921440
2021-05-02T12:56:35.889432,224096424,723816280
2021-05-02T12:56:38.389613,194806184,753106520
2021-05-02T12:56:40.889789,167098384,780814320
2021-05-02T12:56:43.389968,137788552,810124152
2021-05-02T12:56:45.890172,617009128,330903576
2021-05-02T12:56:48.390362,587741528,360171176
2021-05-02T12:56:50.890627,560455808,387456896
2021-05-02T12:56:53.390795,531180040,416732664
2021-05-02T12:56:55.890968,503862248,444050456
2021-05-02T12:56:58.391147,476594440,471318264
2021-05-02T12:57:00.891323,447265280,500647424
2021-05-02T12:57:03.391490,419925344,527987360
2021-05-02T12:57:05.891663,390551984,557360720
2021-05-02T12:57:08.391844,363379200,584533504
2021-05-02T12:57:10.892030,336016944,611895760
2021-05-02T12:57:13.392199,304586240,643326464
2021-05-02T12:57:15.892370,277289960,670622744
2021-05-02T12:57:18.392542,250074336,697838368
2021-05-02T12:57:20.892709,222672632,725240072
2021-05-02T12:57:23.392880,193478776,754433928
2021-05-02T12:57:25.893058,164086584,783826120
2021-05-02T12:57:28.393233,136892536,811020168
2021-05-02T12:57:30.893405,624655944,323256760
2021-05-02T12:57:33.393576,595488000,352424704
2021-05-02T12:57:35.893747,564028672,383884032
2021-05-02T12:57:38.393927,536767744,411144960
2021-05-02T12:57:40.894102,509402064,438510640
2021-05-02T12:57:43.394269,480098520,467814184
2021-05-02T12:57:45.894435,452796736,495115968
2021-05-02T12:57:48.394597,425496696,522416008
2021-05-02T12:57:50.894765,396145688,551767016
2021-05-02T12:57:53.394930,366804264,581108440
2021-05-02T12:57:55.895102,339633408,608279296
2021-05-02T12:57:58.395269,310273280,637639424
2021-05-02T12:58:00.895433,282910072,665002632
2021-05-02T12:58:03.395604,255687520,692225184
2021-05-02T12:58:05.895780,224276352,723636352
2021-05-02T12:58:08.395950,197002432,750910272
2021-05-02T12:58:10.896127,169702640,778210064
2021-05-02T12:58:13.396302,142433240,805479464
2021-05-02T12:58:15.896473,625227976,322684728
2021-05-02T12:58:18.396641,597934912,349977792
2021-05-02T12:58:20.896817,570661640,377251064
2021-05-02T12:58:23.396997,541435384,406477320
2021-05-02T12:58:25.897169,512009136,435903568
2021-05-02T12:58:28.397341,484721224,463191480
2021-05-02T12:58:30.897509,457441000,490471704
2021-05-02T12:58:33.397682,428152976,519759728
2021-05-02T12:58:35.897853,400812256,547100448
2021-05-02T12:58:38.398022,373629296,574283408
2021-05-02T12:58:40.898185,346199808,601712896
2021-05-02T12:58:43.398350,316929184,630983520
2021-05-02T12:58:45.898520,287516144,660396560
2021-05-02T12:58:48.398688,260389752,687522952
2021-05-02T12:58:50.898857,231011240,716901464
2021-05-02T12:58:53.399027,203681920,744230784
2021-05-02T12:58:55.899194,174334544,773578160
2021-05-02T12:58:58.399366,145046032,802866672
2021-05-02T12:59:00.899544,630962176,316950528
2021-05-02T12:59:03.399724,603541632,344371072
2021-05-02T12:59:05.899909,572239872,375672832
2021-05-02T12:59:08.400087,544902104,403010600
2021-05-02T12:59:10.900258,517663056,430249648
2021-05-02T12:59:13.400432,488353792,459558912
2021-05-02T12:59:15.900599,461019632,486893072
2021-05-02T12:59:18.400769,433715000,514197704
2021-05-02T12:59:20.900939,406366496,541546208
2021-05-02T12:59:23.401108,377095736,570816968
2021-05-02T12:59:25.901277,347755224,600157480
2021-05-02T12:59:28.401440,320526112,627386592
2021-05-02T12:59:30.901614,291223552,656689152
2021-05-02T12:59:33.401784,263932984,683979720
2021-05-02T12:59:35.901963,236665376,711247328
2021-05-02T12:59:38.402131,209357544,738555160
2021-05-02T12:59:40.902301,182051440,765861264
2021-05-02T12:59:43.402465,150659800,797252904
2021-05-02T12:59:45.910616,123451392,824461312
2021-05-02T12:59:48.410801,616416312,331496392
2021-05-02T12:59:50.910971,587037424,360875280
2021-05-02T12:59:53.411141,559792672,388120032
2021-05-02T12:59:55.911315,530467568,417445136
2021-05-02T12:59:58.411489,503135216,444777488
2021-05-02T13:00:00.911656,475913120,471999584
2021-05-02T13:00:03.411826,448590016,499322688
2021-05-02T13:00:05.912015,419256688,528656016
2021-05-02T13:00:08.412192,392022928,555889776
2021-05-02T13:00:10.912359,362714656,585198048
2021-05-02T13:00:13.412532,335349840,612562864
2021-05-02T13:00:15.912704,308163400,639749304
2021-05-02T13:00:18.412876,276717584,671195120
2021-05-02T13:00:20.913054,251424656,696488048
2021-05-02T13:00:23.413222,222093576,725819128
2021-05-02T13:00:25.913391,194924224,752988480
2021-05-02T13:00:28.413561,165531568,782381136
2021-05-02T13:00:30.913746,138190184,809722520
2021-05-02T13:00:33.413935,632887944,315024760
2021-05-02T13:00:35.914119,605441472,342471232
2021-05-02T13:00:38.414291,578280392,369632312
2021-05-02T13:00:40.914471,548978016,398934688
2021-05-02T13:00:43.414647,517503312,430409392
2021-05-02T13:00:45.914818,492227800,455684904
2021-05-02T13:00:48.414989,463021864,484890840
2021-05-02T13:00:50.915169,435755640,512157064
2021-05-02T13:00:53.415344,408362168,539550536
2021-05-02T13:00:55.915517,381183608,566729096
2021-05-02T13:00:58.415690,351847272,596065432
2021-05-02T13:01:00.915857,324537512,623375192
2021-05-02T13:01:03.416035,295144816,652767888
2021-05-02T13:01:05.916202,269896432,678016272
2021-05-02T13:01:08.416376,238618952,709293752
2021-05-02T13:01:10.916545,211262552,736650152
2021-05-02T13:01:13.416718,184107376,763805328
2021-05-02T13:01:15.916891,154687272,793225432
2021-05-02T13:01:18.417061,127435896,820476808
2021-05-02T13:01:20.917231,623569848,324342856
2021-05-02T13:01:23.417399,596308824,351603880
2021-05-02T13:01:25.917566,568956288,378956416
2021-05-02T13:01:28.417735,539703464,408209240
2021-05-02T13:01:30.917903,512375128,435537576
2021-05-02T13:01:33.418080,485134352,462778352
2021-05-02T13:01:35.918252,453778144,494134560
2021-05-02T13:01:38.418418,426454592,521458112
2021-05-02T13:01:40.918599,397155040,550757664
2021-05-02T13:01:43.418766,369890984,578021720
2021-05-02T13:01:45.918933,342528672,605384032
2021-05-02T13:01:48.419104,311186336,636726368
2021-05-02T13:01:50.919271,283895880,664016824
2021-05-02T13:01:53.419439,256585696,691327008
2021-05-02T13:01:55.919608,229297600,718615104
2021-05-02T13:01:58.419780,200037280,747875424
2021-05-02T13:02:00.919950,172654888,775257816
2021-05-02T13:02:03.420135,145440936,802471768
2021-05-02T13:02:05.920316,643140512,304772192
2021-05-02T13:02:08.420493,613695912,334216792
2021-05-02T13:02:10.920669,584371816,363540888
2021-05-02T13:02:13.420845,555058080,392854624
2021-05-02T13:02:15.921019,527770184,420142520
2021-05-02T13:02:18.421183,500509688,447403016
2021-05-02T13:02:20.921354,473051232,474861472
2021-05-02T13:02:23.421538,443837728,504074976
2021-05-02T13:02:25.921710,416507632,531405072
2021-05-02T13:02:28.421881,389262784,558649920
2021-05-02T13:02:30.922052,359849168,588063536
2021-05-02T13:02:33.422221,330609408,617303296
2021-05-02T13:02:35.922392,303338520,644574184
2021-05-02T13:02:38.422569,274041760,673870944
2021-05-02T13:02:40.922745,246682656,701230048
2021-05-02T13:02:43.422932,217347144,730565560
2021-05-02T13:02:45.923104,188044840,759867864
2021-05-02T13:02:48.423279,160770096,787142608
2021-05-02T13:02:50.923448,133390840,814521864
2021-05-02T13:02:53.423618,632384008,315528696
2021-05-02T13:02:55.923795,605105272,342807432
2021-05-02T13:02:58.423965,577795384,370117320
2021-05-02T13:03:00.924136,548569256,399343448
2021-05-02T13:03:03.424309,519211176,428701528
2021-05-02T13:03:05.924480,491832696,456080008
2021-05-02T13:03:08.424659,464685224,483227480
2021-05-02T13:03:10.924835,433176480,514736224
2021-05-02T13:03:13.425006,405925768,541986936
2021-05-02T13:03:15.925180,378558520,569354184
2021-05-02T13:03:18.425354,349290384,598622320
2021-05-02T13:03:20.925530,322027384,625885320
2021-05-02T13:03:23.425701,294667808,653244896
2021-05-02T13:03:25.925870,265369120,682543584
2021-05-02T13:03:28.426039,238190760,709721944
2021-05-02T13:03:30.926211,210718688,737194016
2021-05-02T13:03:33.426388,179430784,768481920
2021-05-02T13:03:35.926564,154265328,793647376
2021-05-02T13:03:38.426734,126927568,820985136
2021-05-02T13:03:40.926906,632597832,315314872
2021-05-02T13:03:43.427084,603294864,344617840
2021-05-02T13:03:45.927265,573999424,373913280
2021-05-02T13:03:48.427434,546567744,401344960
2021-05-02T13:03:50.927602,517307240,430605464
2021-05-02T13:03:53.427771,490076944,457835760
2021-05-02T13:03:55.927946,462704440,485208264
2021-05-02T13:03:58.428122,433398096,514514608
2021-05-02T13:04:00.928292,406198248,541714456
2021-05-02T13:04:03.428458,376865088,571047616
2021-05-02T13:04:05.928631,349482176,598430528
2021-05-02T13:04:08.428802,322339136,625573568
2021-05-02T13:04:10.928975,295014008,652898696
2021-05-02T13:04:13.429150,267676768,680235936
2021-05-02T13:04:15.929328,236236144,711676560
2021-05-02T13:04:18.429504,206898288,741014416
2021-05-02T13:04:20.929676,177583616,770329088
2021-05-02T13:04:23.429854,148275520,799637184
2021-05-02T13:04:25.930038,121014592,826898112
2021-05-02T13:04:28.430213,629145712,318766992
2021-05-02T13:04:30.930396,601882760,346029944
2021-05-02T13:04:33.430571,576596680,371316024
2021-05-02T13:04:35.930746,547321528,400591176
2021-05-02T13:04:38.430918,522099736,425812968
2021-05-02T13:04:40.931095,494946128,452966576
2021-05-02T13:04:43.431278,465586000,482326704
2021-05-02T13:04:45.931459,440420176,507492528
2021-05-02T13:04:48.431639,413110096,534802608
2021-05-02T13:04:50.931824,381632896,566279808
2021-05-02T13:04:53.432023,352339792,595572912
2021-05-02T13:04:55.932203,324927344,622985360
2021-05-02T13:04:58.432382,295593880,652318824
2021-05-02T13:05:00.932549,264190320,683722384
2021-05-02T13:05:03.432722,234852072,713060632
2021-05-02T13:05:05.932898,205537104,742375600
2021-05-02T13:05:08.433075,178194360,769718344
2021-05-02T13:05:10.933250,148722112,799190592
2021-05-02T13:05:13.433427,648106744,299805960
2021-05-02T13:05:15.933609,619041752,328870952
2021-05-02T13:05:18.433785,593764464,354148240
2021-05-02T13:05:20.933968,568585920,379326784
2021-05-02T13:05:23.434151,539329424,408583280
2021-05-02T13:05:25.934332,514114512,433798192
2021-05-02T13:05:28.434517,486965472,460947232
2021-05-02T13:05:30.934695,461784920,486127784
2021-05-02T13:05:33.434871,434459376,513453328
2021-05-02T13:05:35.935045,407271648,540641056
2021-05-02T13:05:38.435218,384047112,563865592
2021-05-02T13:05:40.935402,356882040,591030664
2021-05-02T13:05:43.435580,327445424,620467280
2021-05-02T13:05:45.935757,300149512,647763192
2021-05-02T13:05:48.435930,272924512,674988192
2021-05-02T13:05:50.936120,241536448,706376256
2021-05-02T13:05:53.436305,214315328,733597376
2021-05-02T13:05:55.936492,184975584,762937120
2021-05-02T13:05:58.436666,157581560,790331144
2021-05-02T13:06:00.936839,130277960,817634744
2021-05-02T13:06:03.437014,641858256,306054448
2021-05-02T13:06:05.937199,610554624,337358080
