"Time [ms]","CPU usage [%]","GC activity [%]","Size [B]","Used [B]"
"11:57:25.684, 28 Apr 2021","0,0","0,0","748 683 296","119 566 848"
"11:57:26.669, 28 Apr 2021","36,8","0,2","899 678 240","150 445 056"
"11:57:27.669, 28 Apr 2021","25,3","0,1","899 678 240","179 994 840"
"11:57:28.669, 28 Apr 2021","36,4","0,0","899 678 240","473 596 120"
"11:57:29.670, 28 Apr 2021","35,1","0,1","899 678 240","454 090 976"
"11:57:30.670, 28 Apr 2021","34,6","0,1","899 678 240","428 214 880"
"11:57:31.670, 28 Apr 2021","36,1","0,2","899 678 240","420 588 544"
"11:57:32.670, 28 Apr 2021","32,2","0,0","899 678 240","644 983 808"
"11:57:33.670, 28 Apr 2021","20,0","0,1","1 080 033 312","421 178 400"
"11:57:34.670, 28 Apr 2021","12,9","0,0","1 080 033 312","735 751 200"
"11:57:35.670, 28 Apr 2021","17,9","0,1","1 080 033 312","492 975 952"
"11:57:36.670, 28 Apr 2021","18,3","0,0","1 080 033 312","658 650 960"
"11:57:37.671, 28 Apr 2021","30,9","0,2","1 080 033 312","473 563 056"
"11:57:38.671, 28 Apr 2021","20,5","0,2","1 080 033 312","539 224 576"
"11:57:39.671, 28 Apr 2021","11,1","0,1","1 080 033 312","553 642 048"
"11:57:40.671, 28 Apr 2021","9,3","0,0","1 080 033 312","631 236 672"
"11:57:41.671, 28 Apr 2021","10,3","0,0","1 080 033 312","805 300 288"
"11:57:42.671, 28 Apr 2021","72,1","0,2","1 080 033 312","487 356 352"
"11:57:43.671, 28 Apr 2021","14,6","0,1","1 080 033 312","495 297 696"
"11:57:44.671, 28 Apr 2021","13,1","0,1","1 080 033 312","557 104 128"
"11:57:45.672, 28 Apr 2021","23,7","0,1","1 080 033 312","856 133 160"
"11:57:46.672, 28 Apr 2021","21,6","0,3","1 080 033 312","683 676 720"
"11:57:47.672, 28 Apr 2021","15,4","0,3","1 080 033 312","350 953 472"
"11:57:48.672, 28 Apr 2021","17,2","0,1","1 080 033 312","482 277 336"
"11:57:49.672, 28 Apr 2021","12,9","0,1","1 080 033 312","663 369 728"
"11:57:50.672, 28 Apr 2021","14,0","0,2","1 296 039 968","774 493 424"
"11:57:51.672, 28 Apr 2021","11,1","0,2","1 296 039 968","707 777 536"
"11:57:52.672, 28 Apr 2021","15,2","0,2","1 296 039 968","670 859 264"
"11:57:53.673, 28 Apr 2021","10,7","0,2","1 296 039 968","661 523 184"
"11:57:54.673, 28 Apr 2021","11,1","0,2","1 556 086 816","634 543 616"
"11:57:55.673, 28 Apr 2021","10,9","0,2","1 556 086 816","487 742 976"
"11:57:56.673, 28 Apr 2021","9,7","0,0","1 556 086 816","1 215 454 720"
"11:57:57.673, 28 Apr 2021","10,9","0,2","1 556 086 816","1 085 503 488"
"11:57:58.673, 28 Apr 2021","10,9","0,2","1 556 086 816","896 880 640"
"11:57:59.673, 28 Apr 2021","10,9","0,2","1 556 086 816","731 586 560"
"11:58:00.674, 28 Apr 2021","11,3","0,2","1 556 086 816","609 938 432"
"11:58:01.674, 28 Apr 2021","9,2","0,0","1 556 086 816","1 320 872 960"
"11:58:02.674, 28 Apr 2021","11,7","0,2","1 830 813 728","1 151 743 488"
"11:58:03.674, 28 Apr 2021","10,7","0,2","1 830 813 728","860 239 360"
"11:58:04.674, 28 Apr 2021","11,3","0,2","1 830 813 728","592 612 864"
"11:58:05.674, 28 Apr 2021","8,5","0,0","1 830 813 728","1 339 198 976"
"11:58:06.674, 28 Apr 2021","10,9","0,2","1 830 813 728","1 088 791 552"
"11:58:07.675, 28 Apr 2021","10,7","0,2","1 830 813 728","858 784 256"
"11:58:08.675, 28 Apr 2021","16,7","0,2","1 830 813 728","623 583 232"
"11:58:09.675, 28 Apr 2021","55,1","0,5","1 830 813 728","809 826 816"
"11:58:10.675, 28 Apr 2021","8,8","0,0","1 830 813 728","1 483 012 608"
"11:58:11.675, 28 Apr 2021","12,1","0,4","1 830 813 728","1 367 023 616"
"11:58:12.675, 28 Apr 2021","9,3","0,0","1 830 813 728","1 292 548 072"
"11:58:13.675, 28 Apr 2021","9,5","0,0","1 830 813 728","1 216 166 704"
"11:58:14.676, 28 Apr 2021","9,8","0,1","1 830 813 728","1 093 779 160"
"11:58:15.676, 28 Apr 2021","9,7","0,1","1 830 813 728","970 731 984"
"11:58:16.676, 28 Apr 2021","10,1","0,1","1 830 813 728","856 367 104"
"11:58:17.676, 28 Apr 2021","8,3","0,0","1 830 813 728","1 565 204 480"
"11:58:18.676, 28 Apr 2021","10,0","0,1","1 830 813 728","1 441 073 664"
"11:58:19.676, 28 Apr 2021","10,1","0,1","1 830 813 728","1 305 061 408"
"11:58:20.677, 28 Apr 2021","10,1","0,1","1 830 813 728","1 237 253 632"
"11:58:21.677, 28 Apr 2021","10,2","0,1","1 830 813 728","1 162 505 216"
"11:58:22.677, 28 Apr 2021","10,0","0,1","1 830 813 728","1 105 708 032"
"11:58:23.677, 28 Apr 2021","10,1","0,1","1 830 813 728","1 068 135 936"
"11:58:24.677, 28 Apr 2021","9,9","0,1","1 830 813 728","1 026 498 560"
"11:58:25.677, 28 Apr 2021","11,0","0,1","1 830 813 728","966 836 528"
"11:58:26.678, 28 Apr 2021","10,2","0,1","1 830 813 728","928 846 488"
"11:58:27.678, 28 Apr 2021","10,0","0,1","1 830 813 728","908 763 312"
"11:58:28.678, 28 Apr 2021","10,2","0,1","1 830 813 728","899 888 112"
"11:58:29.678, 28 Apr 2021","10,2","0,1","1 830 813 728","887 773 024"
"11:58:30.678, 28 Apr 2021","27,5","0,0","1 830 813 728","1 479 169 888"
"11:58:31.678, 28 Apr 2021","9,9","0,1","1 830 813 728","1 495 494 240"
"11:58:32.678, 28 Apr 2021","27,5","0,1","1 830 813 728","1 464 476 160"
"11:58:33.679, 28 Apr 2021","10,0","0,1","1 830 813 728","1 493 248 944"
"11:58:34.679, 28 Apr 2021","28,1","0,1","1 830 813 728","1 477 557 024"
"11:58:35.679, 28 Apr 2021","10,0","0,1","1 830 813 728","1 500 734 160"
"11:58:36.679, 28 Apr 2021","28,8","0,2","1 830 813 728","1 402 203 136"
"11:58:37.679, 28 Apr 2021","9,9","0,1","1 830 813 728","1 371 664 768"
"11:58:38.679, 28 Apr 2021","28,8","0,2","1 830 813 728","1 373 633 536"
"11:58:39.680, 28 Apr 2021","10,5","0,1","1 830 813 728","1 403 918 336"
"11:58:40.680, 28 Apr 2021","27,7","0,1","1 830 813 728","1 397 560 320"
"11:58:41.680, 28 Apr 2021","9,8","0,1","1 830 813 728","1 439 503 360"
"11:58:42.680, 28 Apr 2021","29,5","0,1","1 830 813 728","1 509 120 000"
"11:58:43.680, 28 Apr 2021","10,1","0,1","1 830 813 728","1 564 316 160"
"11:58:44.680, 28 Apr 2021","30,2","0,1","1 830 813 728","1 497 724 832"
"11:58:45.680, 28 Apr 2021","9,8","0,1","1 830 813 728","1 560 454 408"
"11:58:46.680, 28 Apr 2021","28,8","0,1","1 830 813 728","1 546 398 704"
"11:58:47.681, 28 Apr 2021","10,5","0,1","1 830 813 728","1 556 268 544"
"11:58:48.681, 28 Apr 2021","30,2","0,1","1 830 813 728","1 550 096 768"
"11:58:49.681, 28 Apr 2021","11,8","0,3","1 830 813 728","1 024 585 424"
"11:58:50.681, 28 Apr 2021","29,4","0,1","1 830 813 728","1 119 986 104"
"11:58:51.681, 28 Apr 2021","17,4","0,1","1 830 813 728","1 223 800 576"
"11:58:52.681, 28 Apr 2021","23,5","0,2","1 830 813 728","1 259 582 360"
"11:58:53.681, 28 Apr 2021","20,8","0,0","1 830 813 728","1 273 762 792"
"11:58:54.682, 28 Apr 2021","19,3","0,0","1 830 813 728","1 327 361 104"
"11:58:55.682, 28 Apr 2021","23,3","0,1","1 830 813 728","1 345 728 040"
"11:58:56.682, 28 Apr 2021","15,9","0,1","1 830 813 728","1 409 772 064"
"11:58:57.682, 28 Apr 2021","26,3","0,1","1 830 813 728","1 472 674 240"
"11:58:58.682, 28 Apr 2021","15,7","0,2","1 830 813 728","1 076 896 544"
"11:58:59.682, 28 Apr 2021","14,8","0,1","1 830 813 728","1 192 927 232"
"11:59:00.682, 28 Apr 2021","25,3","0,1","1 830 813 728","1 303 116 288"
"11:59:01.682, 28 Apr 2021","24,0","0,1","1 830 813 728","1 428 600 320"
"11:59:02.683, 28 Apr 2021","17,1","0,1","1 830 813 728","1 582 355 664"
"11:59:03.683, 28 Apr 2021","13,3","0,3","1 830 813 728","1 137 564 208"
"11:59:04.683, 28 Apr 2021","29,2","0,0","1 830 813 728","1 247 288 856"
"11:59:05.683, 28 Apr 2021","9,3","0,0","1 830 813 728","1 419 957 040"
"11:59:06.683, 28 Apr 2021","26,5","0,1","1 830 813 728","1 488 592 384"
"11:59:07.683, 28 Apr 2021","16,6","0,2","1 830 813 728","1 163 136 472"
"11:59:08.683, 28 Apr 2021","18,2","0,1","1 830 813 728","1 329 984 000"
"11:59:09.684, 28 Apr 2021","22,9","0,1","1 830 813 728","1 521 583 312"
"11:59:10.684, 28 Apr 2021","13,9","0,2","1 830 813 728","1 218 788 864"
"11:59:11.684, 28 Apr 2021","28,9","0,1","1 830 813 728","1 351 806 680"
"11:59:12.684, 28 Apr 2021","10,7","0,2","1 830 813 728","1 500 564 992"
"11:59:13.684, 28 Apr 2021","30,0","0,1","1 830 813 728","1 171 183 936"
"11:59:14.684, 28 Apr 2021","11,9","0,0","1 830 813 728","1 396 719 200"
"11:59:15.684, 28 Apr 2021","10,5","0,2","1 830 813 728","1 204 029 480"
"11:59:16.685, 28 Apr 2021","9,5","0,1","1 830 813 728","1 485 884 928"
"11:59:17.685, 28 Apr 2021","10,4","0,2","1 830 813 728","1 331 568 256"
"11:59:18.685, 28 Apr 2021","9,3","0,1","1 830 813 728","1 553 403 616"
"11:59:19.685, 28 Apr 2021","10,3","0,2","1 830 813 728","1 396 547 488"
"11:59:20.685, 28 Apr 2021","10,3","0,2","1 830 813 728","1 236 920 352"
"11:59:21.685, 28 Apr 2021","9,9","0,1","1 830 813 728","1 492 442 952"
"11:59:22.685, 28 Apr 2021","10,8","0,2","1 830 813 728","1 379 149 824"
"11:59:23.685, 28 Apr 2021","10,9","0,2","1 830 813 728","1 272 318 952"
"11:59:24.686, 28 Apr 2021","9,8","0,1","1 830 813 728","1 559 142 224"
"11:59:25.686, 28 Apr 2021","22,3","0,2","1 830 813 728","1 560 765 912"
"11:59:26.686, 28 Apr 2021","10,5","0,2","1 830 813 728","1 501 751 296"
"11:59:27.686, 28 Apr 2021","10,3","0,2","1 830 813 728","1 487 496 416"
"11:59:28.686, 28 Apr 2021","9,8","0,1","1 830 813 728","1 457 650 176"
"11:59:29.686, 28 Apr 2021","10,0","0,1","1 830 813 728","1 472 330 240"
"11:59:30.686, 28 Apr 2021","10,4","0,2","1 830 813 728","1 469 135 192"
"11:59:31.687, 28 Apr 2021","9,9","0,1","1 830 813 728","1 510 999 520"
"11:59:32.687, 28 Apr 2021","10,0","0,1","1 830 813 728","1 574 157 104"
"11:59:33.687, 28 Apr 2021","14,4","0,2","1 830 813 728","1 386 128 528"
"11:59:34.687, 28 Apr 2021","18,3","0,2","1 830 813 728","1 475 323 392"
"11:59:35.687, 28 Apr 2021","10,0","0,1","1 830 813 728","1 548 137 912"
"11:59:36.687, 28 Apr 2021","9,8","0,1","1 830 813 728","1 599 205 744"
"11:59:37.687, 28 Apr 2021","10,6","0,2","1 830 813 728","1 441 337 808"
"11:59:38.688, 28 Apr 2021","14,9","0,2","1 830 813 728","1 367 346 048"
"11:59:39.688, 28 Apr 2021","12,7","0,2","1 830 813 728","1 560 289 968"
"11:59:40.688, 28 Apr 2021","10,4","0,2","1 830 813 728","1 496 499 936"
"11:59:41.688, 28 Apr 2021","12,4","0,1","1 830 813 728","1 513 863 536"
"11:59:42.688, 28 Apr 2021","10,8","0,2","1 830 813 728","1 538 053 600"
"11:59:43.688, 28 Apr 2021","9,9","0,1","1 830 813 728","1 546 315 568"
"11:59:44.688, 28 Apr 2021","10,0","0,1","1 830 813 728","1 604 321 280"
"11:59:45.688, 28 Apr 2021","14,0","0,3","1 830 813 728","1 544 828 112"
"11:59:46.689, 28 Apr 2021","10,2","0,2","2 095 054 880","1 637 957 728"
"11:59:47.689, 28 Apr 2021","12,9","0,1","2 095 054 880","1 661 466 504"
"11:59:48.689, 28 Apr 2021","10,5","0,2","2 095 054 880","1 581 536 608"
"11:59:49.689, 28 Apr 2021","11,4","0,2","2 348 810 272","1 537 232 904"
"11:59:50.689, 28 Apr 2021","9,4","0,1","2 348 810 272","1 657 415 632"
"11:59:51.689, 28 Apr 2021","9,3","0,1","2 348 810 272","1 852 486 864"
"11:59:52.689, 28 Apr 2021","14,1","0,3","2 348 810 272","1 544 025 088"
"11:59:53.690, 28 Apr 2021","9,7","0,1","2 348 810 272","1 733 183 104"
"11:59:54.690, 28 Apr 2021","11,4","0,1","2 348 810 272","1 955 240 960"
"11:59:55.690, 28 Apr 2021","10,8","0,3","2 348 810 272","1 630 381 056"
"11:59:56.690, 28 Apr 2021","9,7","0,1","2 348 810 272","1 831 228 928"
"11:59:57.690, 28 Apr 2021","13,2","0,3","2 348 810 272","1 581 555 064"
"11:59:58.690, 28 Apr 2021","9,4","0,1","2 348 810 272","1 779 934 720"
"11:59:59.690, 28 Apr 2021","9,5","0,1","2 348 810 272","1 985 059 360"
"12:00:00.691, 28 Apr 2021","10,8","0,2","2 348 810 272","1 736 508 096"
"12:00:01.691, 28 Apr 2021","9,5","0,1","2 348 810 272","1 950 373 408"
"12:00:02.691, 28 Apr 2021","10,2","0,2","2 348 810 272","1 643 473 920"
"12:00:03.691, 28 Apr 2021","9,4","0,1","2 348 810 272","1 861 864 208"
"12:00:04.691, 28 Apr 2021","9,4","0,1","2 348 810 272","1 998 068 192"
"12:00:05.691, 28 Apr 2021","10,4","0,2","2 348 810 272","1 749 613 488"
"12:00:06.691, 28 Apr 2021","11,0","0,1","2 348 810 272","1 975 247 952"
"12:00:07.692, 28 Apr 2021","10,4","0,2","2 348 810 272","1 739 926 728"
"12:00:08.692, 28 Apr 2021","11,0","0,1","2 348 810 272","2 009 860 288"
"12:00:09.692, 28 Apr 2021","10,4","0,2","2 348 810 272","1 873 060 184"
"12:00:10.692, 28 Apr 2021","10,4","0,2","2 348 810 272","1 731 089 408"
"12:00:11.692, 28 Apr 2021","9,4","0,1","2 348 810 272","1 997 198 000"
"12:00:12.692, 28 Apr 2021","10,0","0,1","2 348 810 272","1 855 545 344"
"12:00:13.692, 28 Apr 2021","10,1","0,2","2 348 810 272","1 735 838 720"
"12:00:14.693, 28 Apr 2021","9,3","0,1","2 348 810 272","2 034 326 720"
"12:00:15.693, 28 Apr 2021","10,0","0,1","2 348 810 272","1 971 489 312"
"12:00:16.693, 28 Apr 2021","10,3","0,2","2 348 810 272","1 891 295 216"
"12:00:17.693, 28 Apr 2021","11,6","0,2","2 348 810 272","1 918 392 936"
"12:00:18.693, 28 Apr 2021","10,4","0,2","2 348 810 272","1 905 293 368"
"12:00:19.693, 28 Apr 2021","10,3","0,2","2 348 810 272","1 858 397 008"
"12:00:20.693, 28 Apr 2021","10,0","0,1","2 348 810 272","1 841 639 336"
"12:00:21.693, 28 Apr 2021","10,1","0,1","2 348 810 272","1 808 578 400"
"12:00:22.693, 28 Apr 2021","10,1","0,2","2 348 810 272","1 810 402 000"
"12:00:23.694, 28 Apr 2021","9,8","0,1","2 348 810 272","1 860 908 768"
"12:00:24.694, 28 Apr 2021","10,1","0,2","2 348 810 272","1 934 546 160"
"12:00:25.694, 28 Apr 2021","10,4","0,1","2 348 810 272","2 018 542 280"
"12:00:26.694, 28 Apr 2021","10,1","0,2","2 348 810 272","2 042 445 088"
"12:00:27.695, 28 Apr 2021","11,1","0,2","2 348 810 272","1 806 023 680"
"12:00:28.695, 28 Apr 2021","9,8","0,1","2 348 810 272","1 933 959 512"
"12:00:29.695, 28 Apr 2021","10,7","0,1","2 348 810 272","2 063 284 448"
"12:00:30.695, 28 Apr 2021","10,4","0,2","2 348 810 272","1 903 821 312"
"12:00:31.695, 28 Apr 2021","10,5","0,2","2 348 810 272","2 065 177 968"
"12:00:32.695, 28 Apr 2021","11,0","0,3","2 348 810 272","1 930 817 776"
"12:00:33.695, 28 Apr 2021","11,0","0,3","2 348 810 272","1 860 748 800"
"12:00:34.696, 28 Apr 2021","10,3","0,2","2 348 810 272","2 086 280 192"
"12:00:35.696, 28 Apr 2021","10,6","0,3","2 348 810 272","2 035 571 152"
"12:00:36.696, 28 Apr 2021","10,3","0,2","2 348 810 272","2 045 269 504"
"12:00:37.696, 28 Apr 2021","10,3","0,2","2 348 810 272","2 081 451 008"
"12:00:38.696, 28 Apr 2021","10,6","0,3","2 348 810 272","1 899 093 024"
"12:00:39.696, 28 Apr 2021","10,1","0,2","2 348 810 272","1 939 578 656"
"12:00:40.697, 28 Apr 2021","10,1","0,2","2 348 810 272","1 958 248 768"
"12:00:41.697, 28 Apr 2021","10,1","0,2","2 348 810 272","2 051 049 856"
"12:00:42.697, 28 Apr 2021","10,6","0,2","2 348 810 272","1 931 941 000"
"12:00:43.697, 28 Apr 2021","10,3","0,2","2 348 810 272","2 075 628 736"
"12:00:44.697, 28 Apr 2021","10,4","0,2","2 348 810 272","2 069 927 952"
"12:00:45.697, 28 Apr 2021","10,5","0,2","2 348 810 272","2 064 466 240"
"12:00:46.697, 28 Apr 2021","10,3","0,2","2 348 810 272","2 094 370 304"
"12:00:47.697, 28 Apr 2021","11,1","0,3","2 348 810 272","2 007 696 608"
"12:00:48.698, 28 Apr 2021","10,8","0,2","2 348 810 272","1 965 132 800"
"12:00:49.698, 28 Apr 2021","10,2","0,2","2 348 810 272","2 086 641 984"
"12:00:50.698, 28 Apr 2021","10,5","0,2","2 348 810 272","2 082 887 680"
"12:00:51.698, 28 Apr 2021","10,4","0,2","2 348 810 272","2 079 202 296"
"12:00:52.698, 28 Apr 2021","10,8","0,3","2 348 810 272","2 015 992 128"
"12:00:53.698, 28 Apr 2021","11,2","0,3","2 348 810 272","1 997 721 192"
"12:00:54.698, 28 Apr 2021","11,3","0,3","2 348 810 272","2 004 973 976"
"12:00:55.699, 28 Apr 2021","10,3","0,2","2 348 810 272","2 016 096 896"
"12:00:56.699, 28 Apr 2021","10,4","0,2","2 348 810 272","2 038 802 944"
"12:00:57.699, 28 Apr 2021","10,6","0,2","2 348 810 272","2 069 304 872"
"12:00:58.699, 28 Apr 2021","10,3","0,2","2 348 810 272","2 119 882 816"
"12:00:59.699, 28 Apr 2021","11,0","0,3","2 348 810 272","2 039 386 952"
"12:01:00.699, 28 Apr 2021","10,5","0,2","2 348 810 272","2 066 813 320"
"12:01:01.699, 28 Apr 2021","10,9","0,2","2 348 810 272","2 124 008 728"
"12:01:02.700, 28 Apr 2021","10,9","0,3","2 348 810 272","2 058 134 048"
"12:01:03.700, 28 Apr 2021","10,4","0,2","2 348 810 272","2 094 283 648"
"12:01:04.700, 28 Apr 2021","10,6","0,3","2 348 810 272","2 107 137 912"
"12:01:05.700, 28 Apr 2021","10,3","0,2","2 348 810 272","2 107 346 464"
"12:01:06.700, 28 Apr 2021","10,6","0,2","2 348 810 272","2 154 069 680"
"12:01:07.700, 28 Apr 2021","10,4","0,2","2 348 810 272","2 175 350 224"
"12:01:08.700, 28 Apr 2021","12,9","0,3","2 348 810 272","2 169 220 608"
"12:01:09.700, 28 Apr 2021","32,7","0,2","2 348 810 272","2 158 405 904"
"12:01:10.701, 28 Apr 2021","32,1","0,2","2 348 810 272","2 191 295 808"
"12:01:11.701, 28 Apr 2021","17,8","0,3","2 348 810 272","2 136 248 792"
"12:01:12.701, 28 Apr 2021","34,4","0,2","2 348 810 272","2 113 703 360"
"12:01:13.701, 28 Apr 2021","26,8","0,2","2 348 810 272","2 120 194 112"
"12:01:14.701, 28 Apr 2021","34,1","0,1","2 348 810 272","2 202 777 600"
"12:01:15.701, 28 Apr 2021","26,8","0,2","2 348 810 272","2 218 633 696"
"12:01:16.701, 28 Apr 2021","26,8","0,2","2 348 810 272","2 206 371 408"
"12:01:17.701, 28 Apr 2021","34,7","0,2","2 348 810 272","2 177 360 344"
"12:01:18.702, 28 Apr 2021","25,9","0,2","2 348 810 272","2 216 786 656"
"12:01:19.702, 28 Apr 2021","34,7","0,2","2 348 810 272","2 202 835 712"
"12:01:20.702, 28 Apr 2021","28,6","0,2","2 348 810 272","2 209 076 864"
"12:01:21.702, 28 Apr 2021","34,5","0,2","2 348 810 272","2 182 414 936"
"12:01:22.702, 28 Apr 2021","29,3","0,2","2 348 810 272","2 193 243 776"
"12:01:23.702, 28 Apr 2021","34,5","0,2","2 348 810 272","2 172 739 712"
"12:01:24.702, 28 Apr 2021","28,6","0,2","2 348 810 272","2 187 929 024"
"12:01:25.702, 28 Apr 2021","33,9","0,1","2 348 810 272","2 243 799 392"
"12:01:26.703, 28 Apr 2021","30,7","0,2","2 348 810 272","2 259 027 152"
"12:01:27.703, 28 Apr 2021","32,8","0,2","2 348 810 272","2 231 839 568"
"12:01:28.703, 28 Apr 2021","33,5","0,2","2 348 810 272","2 242 483 696"
"12:01:29.703, 28 Apr 2021","28,4","0,2","2 348 810 272","2 232 566 144"
"12:01:30.703, 28 Apr 2021","34,5","0,2","2 348 810 272","2 241 306 688"
"12:01:31.703, 28 Apr 2021","27,0","0,2","2 348 810 272","2 241 762 216"
"12:01:32.703, 28 Apr 2021","34,4","0,2","2 353 004 576","2 310 297 640"
"12:01:33.704, 28 Apr 2021","28,0","0,2","2 359 296 032","2 315 460 080"
"12:01:34.704, 28 Apr 2021","34,5","0,2","2 365 587 488","2 243 936 080"
"12:01:35.704, 28 Apr 2021","28,6","0,2","2 371 878 944","2 259 248 552"
"12:01:36.704, 28 Apr 2021","34,1","0,1","2 378 170 400","2 312 724 576"
"12:01:37.704, 28 Apr 2021","32,3","0,2","2 382 364 704","2 298 803 416"
"12:01:38.704, 28 Apr 2021","31,8","0,2","2 392 850 464","2 267 494 736"
"12:01:39.704, 28 Apr 2021","36,4","0,2","2 397 044 768","2 355 261 976"
"12:01:40.704, 28 Apr 2021","28,7","0,2","2 403 336 224","2 340 632 512"
"12:01:41.705, 28 Apr 2021","34,7","0,2","2 411 724 832","2 296 715 792"
"12:01:42.705, 28 Apr 2021","29,4","0,2","2 415 919 136","2 336 212 608"
"12:01:43.705, 28 Apr 2021","34,3","0,1","2 422 210 592","2 400 360 224"
"12:01:44.705, 28 Apr 2021","28,8","0,3","2 430 599 200","2 380 132 944"
"12:01:45.705, 28 Apr 2021","34,0","0,1","2 436 890 656","2 377 108 992"
"12:01:46.705, 28 Apr 2021","34,6","0,3","2 445 279 264","2 359 381 024"
"12:01:47.705, 28 Apr 2021","27,8","0,2","2 451 570 720","2 328 238 816"
"12:01:48.705, 28 Apr 2021","34,5","0,2","2 457 862 176","2 405 761 136"
"12:01:49.706, 28 Apr 2021","29,0","0,2","2 464 153 632","2 377 157 008"
"12:01:50.706, 28 Apr 2021","34,3","0,1","2 468 347 936","2 397 141 280"
"12:01:51.706, 28 Apr 2021","26,5","0,3","2 478 833 696","2 359 466 176"
"12:01:52.706, 28 Apr 2021","34,2","0,1","2 485 125 152","2 424 207 848"
"12:01:53.706, 28 Apr 2021","34,9","0,2","2 491 416 608","2 361 910 480"
"12:01:54.706, 28 Apr 2021","26,3","0,2","2 497 708 064","2 376 001 408"
"12:01:55.706, 28 Apr 2021","34,5","0,2","2 501 902 368","2 392 031 336"
"12:01:56.706, 28 Apr 2021","26,7","0,2","2 508 193 824","2 439 599 200"
"12:01:57.707, 28 Apr 2021","34,3","0,1","2 514 485 280","2 435 570 240"
"12:01:58.707, 28 Apr 2021","30,1","0,3","2 522 873 888","2 392 386 616"
"12:01:59.707, 28 Apr 2021","33,5","0,1","2 529 165 344","2 487 293 392"
"12:02:00.707, 28 Apr 2021","34,5","0,2","2 535 456 800","2 482 784 912"
"12:02:01.707, 28 Apr 2021","28,4","0,2","2 539 651 104","2 486 516 040"
"12:02:02.707, 28 Apr 2021","34,5","0,2","2 545 942 560","2 472 228 808"
"12:02:03.707, 28 Apr 2021","29,3","0,2","2 554 331 168","2 442 958 048"
"12:02:04.708, 28 Apr 2021","34,3","0,1","2 560 622 624","2 472 331 280"
"12:02:05.708, 28 Apr 2021","30,1","0,2","2 569 011 232","2 452 519 680"
"12:02:06.708, 28 Apr 2021","34,2","0,1","2 573 205 536","2 488 819 096"
"12:02:07.708, 28 Apr 2021","32,5","0,0","2 573 205 536","2 497 207 704"
"12:02:08.708, 28 Apr 2021","8,4","0,0","2 573 205 536","2 505 596 312"
"12:02:09.708, 28 Apr 2021","25,0","0,1","2 575 302 688","2 481 794 576"
"12:02:10.708, 28 Apr 2021","34,2","0,0","2 575 302 688","2 492 280 336"
"12:02:11.709, 28 Apr 2021","19,3","0,0","2 575 302 688","2 498 571 792"
"12:02:12.709, 28 Apr 2021","26,3","0,1","2 575 302 688","2 509 196 912"
"12:02:13.709, 28 Apr 2021","37,0","0,0","2 575 302 688","2 480 676 032"
"12:02:14.709, 28 Apr 2021","31,9","0,0","2 577 399 840","2 455 792 640"
"12:02:15.709, 28 Apr 2021","8,3","0,0","2 577 399 840","2 462 084 096"
"12:02:16.709, 28 Apr 2021","8,3","0,0","2 577 399 840","2 468 375 552"
"12:02:17.709, 28 Apr 2021","8,4","0,0","2 577 399 840","2 472 569 856"
"12:02:18.709, 28 Apr 2021","8,3","0,0","2 577 399 840","2 478 861 312"
"12:02:19.710, 28 Apr 2021","8,3","0,0","2 577 399 840","2 487 249 920"
"12:02:20.710, 28 Apr 2021","8,4","0,0","2 577 399 840","2 491 444 224"
"12:02:21.710, 28 Apr 2021","8,3","0,0","2 577 399 840","2 501 929 984"
"12:02:22.710, 28 Apr 2021","20,8","0,1","2 577 399 840","2 502 219 584"
"12:02:23.710, 28 Apr 2021","34,0","0,0","2 577 399 840","2 506 413 888"
"12:02:24.710, 28 Apr 2021","22,3","0,0","2 577 399 840","2 516 899 648"
"12:02:25.710, 28 Apr 2021","8,4","0,0","2 577 399 840","2 523 191 104"
"12:02:26.711, 28 Apr 2021","8,4","0,0","2 577 399 840","2 529 482 560"
"12:02:27.711, 28 Apr 2021","8,3","0,0","2 577 399 840","2 546 259 776"
"12:02:28.711, 28 Apr 2021","31,0","0,2","2 577 399 840","2 479 677 864"
"12:02:29.711, 28 Apr 2021","34,0","0,0","2 577 399 840","2 490 163 624"
"12:02:30.711, 28 Apr 2021","16,4","0,1","2 579 496 992","2 444 531 824"
"12:02:31.711, 28 Apr 2021","33,1","0,0","2 579 496 992","2 503 252 080"
"12:02:32.712, 28 Apr 2021","34,3","0,0","2 579 496 992","2 526 600 992"
"12:02:33.712, 28 Apr 2021","8,3","0,0","2 579 496 992","2 532 892 448"
"12:02:34.712, 28 Apr 2021","8,4","0,0","2 579 496 992","2 541 281 056"
"12:02:35.712, 28 Apr 2021","8,3","0,0","2 579 496 992","2 553 863 968"
"12:02:36.712, 28 Apr 2021","28,0","0,3","2 579 496 992","2 446 012 280"
"12:02:37.712, 28 Apr 2021","33,4","0,0","2 579 496 992","2 538 286 968"
"12:02:38.712, 28 Apr 2021","27,2","0,1","2 581 594 144","2 538 965 504"
"12:02:39.713, 28 Apr 2021","33,4","0,0","2 581 594 144","2 543 159 808"
"12:02:40.713, 28 Apr 2021","24,7","0,0","2 581 594 144","2 549 451 264"
"12:02:41.713, 28 Apr 2021","8,3","0,0","2 581 594 144","2 555 742 720"
"12:02:42.713, 28 Apr 2021","8,4","0,0","2 581 594 144","2 564 131 328"
"12:02:43.713, 28 Apr 2021","18,8","0,1","2 581 594 144","2 512 375 664"
"12:02:44.713, 28 Apr 2021","33,5","0,0","2 581 594 144","2 516 569 968"
"12:02:45.713, 28 Apr 2021","24,2","0,0","2 581 594 144","2 527 055 728"
"12:02:46.714, 28 Apr 2021","8,8","0,0","2 581 594 144","2 533 347 184"
"12:02:47.714, 28 Apr 2021","8,4","0,0","2 581 594 144","2 541 735 792"
"12:02:48.714, 28 Apr 2021","19,6","0,2","2 581 594 144","2 502 486 416"
"12:02:49.714, 28 Apr 2021","35,3","0,0","2 581 594 144","2 508 777 872"
"12:02:50.714, 28 Apr 2021","21,6","0,0","2 581 594 144","2 515 069 328"
"12:02:51.714, 28 Apr 2021","8,4","0,0","2 581 594 144","2 521 360 784"
"12:02:52.714, 28 Apr 2021","8,7","0,0","2 581 594 144","2 529 749 392"
"12:02:53.715, 28 Apr 2021","12,7","0,1","2 583 691 296","2 475 935 192"
"12:02:54.715, 28 Apr 2021","34,2","0,0","2 583 691 296","2 480 129 496"
"12:02:55.715, 28 Apr 2021","28,2","0,0","2 583 691 296","2 488 518 104"
"12:02:56.715, 28 Apr 2021","8,3","0,0","2 583 691 296","2 492 712 408"
"12:02:57.715, 28 Apr 2021","8,4","0,0","2 583 691 296","2 499 003 864"
"12:02:58.715, 28 Apr 2021","8,3","0,0","2 583 691 296","2 509 489 624"
"12:02:59.715, 28 Apr 2021","24,6","0,1","2 583 691 296","2 509 883 904"
"12:03:00.715, 28 Apr 2021","33,5","0,0","2 583 691 296","2 516 175 360"
"12:03:01.716, 28 Apr 2021","18,4","0,0","2 583 691 296","2 522 466 816"
"12:03:02.716, 28 Apr 2021","8,3","0,0","2 583 691 296","2 530 855 424"
"12:03:03.716, 28 Apr 2021","8,3","0,0","2 583 691 296","2 537 146 880"
"12:03:04.716, 28 Apr 2021","8,3","0,0","2 583 691 296","2 545 535 488"
"12:03:05.716, 28 Apr 2021","22,2","0,2","2 583 691 296","2 479 413 008"
"12:03:06.716, 28 Apr 2021","33,6","0,0","2 583 691 296","2 489 898 768"
"12:03:07.716, 28 Apr 2021","21,9","0,1","2 583 691 296","2 492 341 248"
"12:03:08.717, 28 Apr 2021","33,3","0,0","2 583 691 296","2 511 215 616"
"12:03:09.717, 28 Apr 2021","29,6","0,0","2 583 691 296","2 519 604 224"
"12:03:10.721, 28 Apr 2021","9,2","0,0","2 585 788 448","2 451 008 544"
"12:03:11.717, 28 Apr 2021","28,7","0,0","2 585 788 448","2 543 533 920"
"12:03:12.717, 28 Apr 2021","33,6","0,0","2 585 788 448","2 556 116 832"
"12:03:13.717, 28 Apr 2021","13,8","0,0","2 585 788 448","2 562 408 288"
"12:03:14.717, 28 Apr 2021","8,4","0,0","2 585 788 448","2 568 699 744"
"12:03:15.718, 28 Apr 2021","9,1","0,0","2 585 788 448","2 455 543 320"
"12:03:16.718, 28 Apr 2021","9,9","0,0","2 585 788 448","2 476 869 288"
"12:03:17.718, 28 Apr 2021","34,0","0,0","2 585 788 448","2 562 899 968"
"12:03:18.718, 28 Apr 2021","30,8","0,0","2 585 788 448","2 567 094 272"
"12:03:19.718, 28 Apr 2021","8,3","0,0","2 585 788 448","2 571 288 576"
"12:03:20.718, 28 Apr 2021","9,0","0,0","2 585 788 448","2 456 173 280"
"12:03:21.718, 28 Apr 2021","8,4","0,0","2 585 788 448","2 468 756 192"
"12:03:22.719, 28 Apr 2021","8,4","0,0","2 585 788 448","2 479 241 952"
"12:03:23.719, 28 Apr 2021","21,4","0,1","2 585 788 448","2 525 892 544"
"12:03:24.719, 28 Apr 2021","33,5","0,0","2 585 788 448","2 532 184 000"
"12:03:25.719, 28 Apr 2021","21,0","0,0","2 585 788 448","2 538 475 456"
"12:03:26.719, 28 Apr 2021","8,3","0,0","2 585 788 448","2 542 669 760"
"12:03:27.719, 28 Apr 2021","8,3","0,0","2 585 788 448","2 548 961 216"
"12:03:28.719, 28 Apr 2021","8,3","0,0","2 585 788 448","2 557 349 824"
"12:03:29.720, 28 Apr 2021","8,3","0,0","2 585 788 448","2 565 738 432"
"12:03:30.720, 28 Apr 2021","10,6","0,1","2 585 788 448","2 484 504 224"
"12:03:31.720, 28 Apr 2021","33,5","0,0","2 585 788 448","2 482 716 064"
"12:03:32.720, 28 Apr 2021","30,7","0,0","2 585 788 448","2 489 007 520"
"12:03:33.720, 28 Apr 2021","8,3","0,0","2 585 788 448","2 495 298 976"
"12:03:34.720, 28 Apr 2021","8,4","0,0","2 585 788 448","2 512 076 192"
"12:03:35.720, 28 Apr 2021","27,1","0,2","2 587 885 600","2 483 345 328"
"12:03:36.721, 28 Apr 2021","33,6","0,0","2 587 885 600","2 485 442 480"
"12:03:37.721, 28 Apr 2021","14,7","0,0","2 587 885 600","2 491 733 936"
"12:03:38.721, 28 Apr 2021","8,3","0,0","2 587 885 600","2 500 122 544"
"12:03:39.721, 28 Apr 2021","8,3","0,0","2 587 885 600","2 508 511 152"
"12:03:40.721, 28 Apr 2021","8,3","0,0","2 587 885 600","2 516 899 760"
"12:03:41.721, 28 Apr 2021","8,4","0,0","2 587 885 600","2 523 191 216"
"12:03:42.721, 28 Apr 2021","9,0","0,0","2 587 885 600","2 561 390 440"
"12:03:43.722, 28 Apr 2021","8,3","0,0","2 587 885 600","2 567 681 896"
"12:03:44.722, 28 Apr 2021","8,3","0,0","2 587 885 600","2 573 973 352"
"12:03:45.722, 28 Apr 2021","15,7","0,0","2 587 885 600","2 456 627 016"
"12:03:46.722, 28 Apr 2021","33,4","0,0","2 587 885 600","2 460 821 320"
"12:03:47.722, 28 Apr 2021","27,1","0,0","2 587 885 600","2 465 015 624"
"12:03:48.722, 28 Apr 2021","8,3","0,0","2 587 885 600","2 471 307 080"
"12:03:49.722, 28 Apr 2021","8,9","0,0","2 587 885 600","2 463 274 416"
"12:03:50.722, 28 Apr 2021","8,4","0,0","2 587 885 600","2 471 663 024"
"12:03:51.723, 28 Apr 2021","8,3","0,0","2 587 885 600","2 475 857 328"
"12:03:52.723, 28 Apr 2021","8,3","0,0","2 587 885 600","2 484 245 936"
"12:03:53.723, 28 Apr 2021","8,3","0,0","2 587 885 600","2 492 634 544"
"12:03:54.723, 28 Apr 2021","29,0","0,1","2 587 885 600","2 468 021 968"
"12:03:55.723, 28 Apr 2021","33,6","0,0","2 587 885 600","2 476 410 576"
"12:03:56.723, 28 Apr 2021","14,3","0,0","2 587 885 600","2 527 155 848"
"12:03:57.723, 28 Apr 2021","8,8","0,0","2 587 885 600","2 539 738 760"
"12:03:58.723, 28 Apr 2021","8,3","0,0","2 587 885 600","2 546 030 216"
"12:03:59.724, 28 Apr 2021","8,4","0,0","2 587 885 600","2 550 224 520"
"12:04:00.724, 28 Apr 2021","8,3","0,0","2 587 885 600","2 556 515 976"
"12:04:01.724, 28 Apr 2021","8,3","0,0","2 587 885 600","2 562 807 432"
"12:04:02.724, 28 Apr 2021","8,4","0,0","2 587 885 600","2 569 098 888"
"12:04:03.724, 28 Apr 2021","8,4","0,0","2 587 885 600","2 575 390 344"
"12:04:04.724, 28 Apr 2021","32,9","0,1","2 589 982 752","2 519 277 760"
"12:04:05.724, 28 Apr 2021","32,3","0,0","2 589 982 752","2 523 472 064"
"12:04:06.725, 28 Apr 2021","8,4","0,0","2 589 982 752","2 533 957 824"
"12:04:07.725, 28 Apr 2021","8,3","0,0","2 589 982 752","2 540 249 280"
"12:04:08.725, 28 Apr 2021","8,3","0,0","2 589 982 752","2 546 540 736"
"12:04:09.725, 28 Apr 2021","8,4","0,0","2 589 982 752","2 552 832 192"
"12:04:10.725, 28 Apr 2021","8,3","0,0","2 589 982 752","2 563 317 952"
"12:04:11.725, 28 Apr 2021","8,3","0,0","2 589 982 752","2 569 609 408"
"12:04:12.725, 28 Apr 2021","8,4","0,0","2 589 982 752","2 575 900 864"
"12:04:13.725, 28 Apr 2021","24,2","0,1","2 589 982 752","2 543 204 064"
"12:04:14.726, 28 Apr 2021","37,7","0,0","2 589 982 752","2 520 302 656"
"12:04:15.726, 28 Apr 2021","49,7","0,6","2 644 508 704","2 550 152 704"
"12:04:16.726, 28 Apr 2021","37,9","0,6","2 717 909 024","2 707 039 232"
"12:04:17.728, 28 Apr 2021","47,7","0,8","2 791 309 344","2 724 376 064"
"12:04:18.726, 28 Apr 2021","88,1","0,5","3 380 609 056","2 683 148 216"
"12:04:19.726, 28 Apr 2021","88,7","0,4","3 380 609 056","2 843 590 656"
"12:04:20.726, 28 Apr 2021","89,2","0,4","3 380 609 056","2 813 106 976"
"12:04:21.726, 28 Apr 2021","90,5","0,4","3 380 609 056","2 920 530 944"
"12:04:22.727, 28 Apr 2021","87,2","0,5","3 380 609 056","2 785 295 008"
"12:04:23.727, 28 Apr 2021","90,5","0,3","3 380 609 056","2 923 486 328"
"12:04:24.727, 28 Apr 2021","90,1","0,4","3 380 609 056","3 007 941 416"
"12:04:25.727, 28 Apr 2021","90,6","0,5","3 380 609 056","2 823 292 792"
"12:04:26.727, 28 Apr 2021","87,0","0,4","3 380 609 056","2 911 293 560"
"12:04:27.727, 28 Apr 2021","91,2","0,6","3 588 227 104","2 939 075 576"
"12:04:28.727, 28 Apr 2021","88,0","0,3","3 783 262 240","2 891 559 416"
"12:04:29.728, 28 Apr 2021","89,8","0,2","3 783 262 240","3 275 446 264"
"12:04:30.728, 28 Apr 2021","84,7","0,3","3 783 262 240","3 100 590 768"
"12:04:31.728, 28 Apr 2021","84,1","0,4","3 783 262 240","3 009 279 560"
"12:04:32.728, 28 Apr 2021","73,8","0,4","3 783 262 240","2 992 948 264"
"12:04:33.728, 28 Apr 2021","33,5","0,3","3 783 262 240","3 041 524 584"
"12:04:34.728, 28 Apr 2021","10,2","0,1","3 783 262 240","3 225 932 200"
"12:04:35.728, 28 Apr 2021","10,8","0,2","3 783 262 240","3 062 423 656"
"12:04:36.729, 28 Apr 2021","10,1","0,1","3 783 262 240","3 270 691 936"
"12:04:37.729, 28 Apr 2021","11,4","0,3","3 783 262 240","3 050 859 640"
"12:04:38.729, 28 Apr 2021","9,6","0,1","3 783 262 240","3 245 995 512"
"12:04:39.729, 28 Apr 2021","11,5","0,3","3 783 262 240","3 034 151 280"
"12:04:40.729, 28 Apr 2021","9,6","0,1","3 783 262 240","3 267 824 008"
"12:04:41.729, 28 Apr 2021","10,9","0,3","3 783 262 240","3 136 268 376"
"12:04:42.729, 28 Apr 2021","9,5","0,1","3 783 262 240","3 376 811 000"
"12:04:43.730, 28 Apr 2021","10,6","0,2","3 783 262 240","3 218 894 008"
"12:04:44.730, 28 Apr 2021","10,5","0,2","3 783 262 240","3 017 400 120"
"12:04:45.730, 28 Apr 2021","9,3","0,0","3 783 262 240","3 192 454 344"
"12:04:46.730, 28 Apr 2021","10,1","0,2","3 783 262 240","3 003 850 744"
"12:04:47.730, 28 Apr 2021","9,1","0,0","3 783 262 240","3 254 161 120"
"12:04:48.730, 28 Apr 2021","10,2","0,1","3 783 262 240","3 082 267 128"
"12:04:49.730, 28 Apr 2021","9,2","0,0","3 783 262 240","3 311 505 168"
"12:04:50.730, 28 Apr 2021","10,2","0,2","3 783 262 240","3 089 389 048"
"12:04:51.731, 28 Apr 2021","9,2","0,1","3 783 262 240","3 314 496 904"
"12:04:52.731, 28 Apr 2021","10,2","0,2","3 783 262 240","3 161 494 008"
"12:04:53.731, 28 Apr 2021","10,1","0,2","3 783 262 240","3 004 078 584"
"12:04:54.731, 28 Apr 2021","9,3","0,1","3 783 262 240","3 243 916 568"
"12:04:55.731, 28 Apr 2021","10,1","0,2","3 783 262 240","3 040 109 208"
"12:04:56.731, 28 Apr 2021","9,3","0,1","3 783 262 240","3 266 003 384"
"12:04:57.731, 28 Apr 2021","10,0","0,1","3 783 262 240","3 131 389 984"
"12:04:58.732, 28 Apr 2021","10,0","0,2","3 783 262 240","3 005 079 144"
"12:04:59.732, 28 Apr 2021","9,1","0,1","3 783 262 240","3 253 224 456"
"12:05:00.732, 28 Apr 2021","10,5","0,2","3 783 262 240","3 144 296 472"
"12:05:01.732, 28 Apr 2021","9,3","0,1","3 783 262 240","3 377 793 192"
"12:05:02.732, 28 Apr 2021","9,9","0,1","3 783 262 240","3 264 587 416"
"12:05:03.732, 28 Apr 2021","9,9","0,1","3 783 262 240","3 163 309 888"
"12:05:04.733, 28 Apr 2021","9,3","0,1","3 783 262 240","3 367 816 096"
"12:05:05.733, 28 Apr 2021","10,0","0,1","3 783 262 240","3 227 309 320"
"12:05:06.733, 28 Apr 2021","9,8","0,1","3 783 262 240","3 050 379 192"
"12:05:07.733, 28 Apr 2021","9,1","0,0","3 783 262 240","3 294 036 216"
"12:05:08.733, 28 Apr 2021","9,9","0,1","3 783 262 240","3 132 791 448"
"12:05:09.733, 28 Apr 2021","9,1","0,0","3 783 262 240","3 376 811 776"
"12:05:10.733, 28 Apr 2021","9,8","0,1","3 783 262 240","3 282 113 296"
"12:05:11.733, 28 Apr 2021","9,8","0,1","3 783 262 240","3 210 567 536"
"12:05:12.734, 28 Apr 2021","9,9","0,1","3 783 262 240","3 119 823 736"
"12:05:13.734, 28 Apr 2021","9,1","0,1","3 783 262 240","3 352 086 464"
"12:05:14.734, 28 Apr 2021","9,8","0,1","3 783 262 240","3 254 661 416"
"12:05:15.734, 28 Apr 2021","9,8","0,1","3 783 262 240","3 149 409 896"
"12:05:16.734, 28 Apr 2021","9,5","0,2","3 783 262 240","3 349 332 256"
"12:05:17.734, 28 Apr 2021","9,6","0,1","3 783 262 240","3 254 611 304"
"12:05:18.734, 28 Apr 2021","9,9","0,1","3 783 262 240","3 166 185 968"
"12:05:19.735, 28 Apr 2021","9,8","0,1","3 783 262 240","3 052 534 280"
"12:05:20.735, 28 Apr 2021","8,9","0,1","3 783 262 240","3 282 211 272"
"12:05:21.735, 28 Apr 2021","9,8","0,1","3 783 262 240","3 214 381 856"
"12:05:22.735, 28 Apr 2021","9,9","0,1","3 783 262 240","3 144 979 640"
"12:05:23.735, 28 Apr 2021","9,2","0,0","3 783 262 240","3 365 801 376"
"12:05:24.735, 28 Apr 2021","9,9","0,1","3 783 262 240","3 336 077 592"
"12:05:25.735, 28 Apr 2021","9,8","0,1","3 783 262 240","3 291 466 744"
"12:05:26.736, 28 Apr 2021","12,8","0,1","3 783 262 240","3 257 499 080"
"12:05:27.736, 28 Apr 2021","10,0","0,1","3 783 262 240","3 206 837 240"
"12:05:28.736, 28 Apr 2021","9,9","0,1","3 783 262 240","3 132 846 328"
"12:05:29.736, 28 Apr 2021","10,0","0,1","3 783 262 240","3 120 158 712"
"12:05:30.736, 28 Apr 2021","9,9","0,1","3 783 262 240","3 083 792 440"
"12:05:31.736, 28 Apr 2021","9,6","0,1","3 783 262 240","3 072 895 288"
"12:05:32.736, 28 Apr 2021","9,8","0,1","3 783 262 240","3 068 010 560"
"12:05:33.737, 28 Apr 2021","10,3","0,1","3 783 262 240","3 073 796 224"
"12:05:34.737, 28 Apr 2021","9,9","0,1","3 783 262 240","3 087 803 016"
"12:05:35.737, 28 Apr 2021","9,8","0,1","3 783 262 240","3 098 111 520"
"12:05:36.737, 28 Apr 2021","9,9","0,1","3 783 262 240","3 108 090 792"
"12:05:37.737, 28 Apr 2021","10,4","0,1","3 783 262 240","3 088 217 104"
"12:05:38.737, 28 Apr 2021","9,9","0,1","3 783 262 240","3 094 634 168"
"12:05:39.737, 28 Apr 2021","9,8","0,1","3 783 262 240","3 114 709 832"
"12:05:40.738, 28 Apr 2021","9,9","0,1","3 783 262 240","3 143 955 832"
"12:05:41.738, 28 Apr 2021","9,8","0,1","3 783 262 240","3 170 434 056"
"12:05:42.738, 28 Apr 2021","9,7","0,1","3 783 262 240","3 174 057 992"
"12:05:43.738, 28 Apr 2021","9,8","0,1","3 783 262 240","3 120 724 000"
"12:05:44.738, 28 Apr 2021","10,6","0,1","3 783 262 240","3 132 920 808"
"12:05:45.738, 28 Apr 2021","9,8","0,1","3 783 262 240","3 142 935 464"
"12:05:46.738, 28 Apr 2021","9,6","0,1","3 783 262 240","3 159 008 768"
"12:05:47.738, 28 Apr 2021","9,8","0,1","3 783 262 240","3 146 323 624"
"12:05:48.739, 28 Apr 2021","9,8","0,1","3 783 262 240","3 120 222 360"
"12:05:49.739, 28 Apr 2021","9,8","0,1","3 783 262 240","3 100 943 368"
"12:05:50.739, 28 Apr 2021","9,8","0,1","3 783 262 240","3 096 049 840"
"12:05:51.739, 28 Apr 2021","9,7","0,1","3 783 262 240","3 124 676 600"
"12:05:52.739, 28 Apr 2021","9,7","0,1","3 783 262 240","3 138 138 576"
"12:05:53.739, 28 Apr 2021","9,7","0,1","3 783 262 240","3 159 151 704"
"12:05:54.739, 28 Apr 2021","9,9","0,1","3 783 262 240","3 197 774 480"
"12:05:55.740, 28 Apr 2021","9,6","0,1","3 783 262 240","3 245 402 056"
"12:05:56.740, 28 Apr 2021","9,7","0,1","3 783 262 240","3 286 925 256"
"12:05:57.740, 28 Apr 2021","9,7","0,1","3 783 262 240","3 321 734 408"
"12:05:58.740, 28 Apr 2021","9,7","0,1","3 783 262 240","3 359 110 248"
"12:05:59.740, 28 Apr 2021","10,3","0,2","3 783 262 240","3 096 459 944"
"12:06:00.740, 28 Apr 2021","9,7","0,1","3 783 262 240","3 148 393 464"
"12:06:01.740, 28 Apr 2021","9,8","0,1","3 783 262 240","3 229 443 064"
"12:06:02.741, 28 Apr 2021","9,7","0,1","3 783 262 240","3 304 461 376"
"12:06:03.741, 28 Apr 2021","9,6","0,1","3 783 262 240","3 381 260 280"
"12:06:04.741, 28 Apr 2021","10,4","0,2","3 783 262 240","3 135 718 392"
"12:06:05.741, 28 Apr 2021","9,4","0,1","3 783 262 240","3 235 642 088"
"12:06:06.741, 28 Apr 2021","9,9","0,1","3 783 262 240","3 333 718 008"
"12:06:07.741, 28 Apr 2021","10,3","0,2","3 783 262 240","3 157 484 048"
"12:06:08.741, 28 Apr 2021","9,5","0,1","3 783 262 240","3 252 922 584"
"12:06:09.741, 28 Apr 2021","9,8","0,1","3 783 262 240","3 359 054 072"
"12:06:10.742, 28 Apr 2021","10,2","0,2","3 783 262 240","3 130 270 584"
"12:06:11.742, 28 Apr 2021","9,7","0,1","3 783 262 240","3 236 951 768"
"12:06:12.742, 28 Apr 2021","9,7","0,1","3 783 262 240","3 320 060 360"
"12:06:13.742, 28 Apr 2021","10,4","0,2","3 783 262 240","3 118 541 136"
"12:06:14.742, 28 Apr 2021","9,8","0,1","3 783 262 240","3 224 441 720"
"12:06:15.742, 28 Apr 2021","9,6","0,1","3 783 262 240","3 328 600 760"
"12:06:16.742, 28 Apr 2021","10,3","0,2","3 783 262 240","3 194 415 928"
"12:06:17.743, 28 Apr 2021","9,9","0,1","3 783 262 240","3 334 048 056"
"12:06:18.743, 28 Apr 2021","10,8","0,2","3 783 262 240","3 214 031 672"
"12:06:19.743, 28 Apr 2021","9,7","0,1","3 783 262 240","3 366 487 400"
"12:06:20.743, 28 Apr 2021","10,2","0,2","3 783 262 240","3 265 889 400"
"12:06:21.743, 28 Apr 2021","10,3","0,2","3 783 262 240","3 161 212 264"
"12:06:22.743, 28 Apr 2021","9,5","0,1","3 783 262 240","3 317 171 384"
"12:06:23.743, 28 Apr 2021","10,1","0,2","3 783 262 240","3 199 685 888"
"12:06:24.744, 28 Apr 2021","9,7","0,1","3 783 262 240","3 345 431 816"
"12:06:25.744, 28 Apr 2021","10,0","0,1","3 783 262 240","3 259 525 048"
"12:06:26.744, 28 Apr 2021","9,5","0,1","3 783 262 240","3 384 024 352"
"12:06:27.744, 28 Apr 2021","10,2","0,2","3 783 262 240","3 308 438 200"
"12:06:28.744, 28 Apr 2021","10,2","0,2","3 783 262 240","3 234 714 856"
"12:06:29.744, 28 Apr 2021","10,2","0,2","3 783 262 240","3 160 948 984"
"12:06:30.744, 28 Apr 2021","9,5","0,1","3 783 262 240","3 351 097 456"
"12:06:31.745, 28 Apr 2021","10,1","0,1","3 783 262 240","3 289 684 016"
"12:06:32.745, 28 Apr 2021","10,2","0,2","3 783 262 240","3 216 326 408"
"12:06:33.745, 28 Apr 2021","9,5","0,1","3 783 262 240","3 381 084 848"
"12:06:34.745, 28 Apr 2021","10,1","0,2","3 783 262 240","3 279 891 320"
"12:06:35.745, 28 Apr 2021","10,2","0,2","3 783 262 240","3 181 018 336"
"12:06:36.745, 28 Apr 2021","9,8","0,1","3 783 262 240","3 362 519 120"
"12:06:37.745, 28 Apr 2021","10,2","0,2","3 783 262 240","3 328 743 608"
"12:06:38.746, 28 Apr 2021","10,2","0,1","3 783 262 240","3 269 548 216"
"12:06:39.746, 28 Apr 2021","10,1","0,2","3 783 262 240","3 214 360 616"
"12:06:40.746, 28 Apr 2021","9,5","0,1","3 783 262 240","3 372 871 160"
"12:06:41.746, 28 Apr 2021","10,2","0,2","3 783 262 240","3 270 228 728"
"12:06:42.746, 28 Apr 2021","10,0","0,2","3 783 262 240","3 219 000 568"
"12:06:43.746, 28 Apr 2021","10,1","0,2","3 783 262 240","3 220 633 360"
"12:06:44.746, 28 Apr 2021","10,3","0,2","3 783 262 240","3 220 472 832"
"12:06:45.747, 28 Apr 2021","10,0","0,1","3 783 262 240","3 220 029 272"
"12:06:46.747, 28 Apr 2021","10,0","0,2","3 783 262 240","3 242 273 016"
"12:06:47.747, 28 Apr 2021","10,1","0,2","3 783 262 240","3 252 337 560"
"12:06:48.747, 28 Apr 2021","10,1","0,2","3 783 262 240","3 274 942 072"
"12:06:49.747, 28 Apr 2021","10,1","0,2","3 783 262 240","3 282 924 088"
"12:06:50.747, 28 Apr 2021","10,5","0,2","3 783 262 240","3 280 471 496"
"12:06:51.747, 28 Apr 2021","9,9","0,1","3 783 262 240","3 241 799 688"
"12:06:52.748, 28 Apr 2021","10,4","0,1","3 783 262 240","3 260 423 040"
"12:06:53.748, 28 Apr 2021","10,0","0,2","3 783 262 240","3 280 701 136"
"12:06:54.748, 28 Apr 2021","9,8","0,1","3 783 262 240","3 309 322 520"
"12:06:55.748, 28 Apr 2021","9,9","0,1","3 783 262 240","3 342 427 224"
"12:06:56.748, 28 Apr 2021","10,0","0,2","3 783 262 240","3 369 341 168"
"12:06:57.748, 28 Apr 2021","9,9","0,1","3 783 262 240","3 372 581 240"
"12:06:58.748, 28 Apr 2021","9,8","0,2","3 783 262 240","3 326 275 952"
"12:06:59.748, 28 Apr 2021","9,8","0,1","3 783 262 240","3 361 157 640"
"12:07:00.749, 28 Apr 2021","10,2","0,2","3 783 262 240","3 201 616 976"
"12:07:01.749, 28 Apr 2021","10,0","0,2","3 783 262 240","3 230 104 248"
"12:07:02.749, 28 Apr 2021","10,3","0,2","3 783 262 240","3 298 726 136"
"12:07:03.749, 28 Apr 2021","10,0","0,1","3 783 262 240","3 359 049 976"
"12:07:04.749, 28 Apr 2021","10,5","0,2","3 783 262 240","3 241 424 568"
"12:07:05.750, 28 Apr 2021","9,9","0,1","3 783 262 240","3 322 346 776"
"12:07:06.750, 28 Apr 2021","10,4","0,2","3 783 262 240","3 202 662 904"
"12:07:07.750, 28 Apr 2021","9,8","0,1","3 783 262 240","3 277 191 480"
"12:07:08.750, 28 Apr 2021","10,3","0,2","3 783 262 240","3 205 652 536"
"12:07:09.750, 28 Apr 2021","9,9","0,1","3 783 262 240","3 316 011 736"
"12:07:10.750, 28 Apr 2021","10,4","0,2","3 783 262 240","3 236 169 304"
"12:07:11.751, 28 Apr 2021","9,8","0,1","3 783 262 240","3 333 713 672"
"12:07:12.751, 28 Apr 2021","10,3","0,2","3 783 262 240","3 281 217 720"
"12:07:13.751, 28 Apr 2021","9,9","0,2","3 783 262 240","3 349 905 576"
"12:07:14.751, 28 Apr 2021","10,5","0,2","3 783 262 240","3 235 989 880"
"12:07:15.751, 28 Apr 2021","9,8","0,2","3 783 262 240","3 339 844 608"
"12:07:16.751, 28 Apr 2021","10,4","0,2","3 783 262 240","3 257 999 768"
"12:07:17.751, 28 Apr 2021","9,8","0,1","3 783 262 240","3 336 985 400"
"12:07:18.751, 28 Apr 2021","10,1","0,2","3 783 262 240","3 242 012 936"
"12:07:19.752, 28 Apr 2021","9,9","0,1","3 783 262 240","3 325 576 176"
"12:07:20.752, 28 Apr 2021","11,6","0,2","3 783 262 240","3 237 361 640"
"12:07:21.752, 28 Apr 2021","9,8","0,1","3 783 262 240","3 313 996 552"
"12:07:22.752, 28 Apr 2021","9,8","0,1","3 783 262 240","3 357 302 064"
"12:07:23.752, 28 Apr 2021","10,4","0,2","3 783 262 240","3 258 258 264"
"12:07:24.752, 28 Apr 2021","9,8","0,1","3 783 262 240","3 341 245 160"
"12:07:25.752, 28 Apr 2021","10,9","0,2","3 783 262 240","3 242 418 336"
"12:07:26.753, 28 Apr 2021","9,8","0,1","3 783 262 240","3 317 356 048"
"12:07:27.753, 28 Apr 2021","10,3","0,2","3 783 262 240","3 241 683 352"
"12:07:28.753, 28 Apr 2021","9,8","0,1","3 783 262 240","3 295 262 488"
"12:07:29.753, 28 Apr 2021","9,8","0,1","3 783 262 240","3 405 435 800"
"12:07:30.753, 28 Apr 2021","10,5","0,2","3 783 262 240","3 306 591 720"
"12:07:31.753, 28 Apr 2021","9,8","0,2","3 783 262 240","3 366 607 400"
"12:07:32.753, 28 Apr 2021","9,7","0,1","3 783 262 240","3 410 241 368"
"12:07:33.753, 28 Apr 2021","10,4","0,2","3 783 262 240","3 271 510 272"
"12:07:34.754, 28 Apr 2021","9,7","0,1","3 783 262 240","3 341 881 256"
"12:07:35.754, 28 Apr 2021","9,9","0,1","3 783 262 240","3 423 076 424"
"12:07:36.754, 28 Apr 2021","10,5","0,2","3 783 262 240","3 301 052 760"
"12:07:37.754, 28 Apr 2021","9,9","0,1","3 783 262 240","3 381 833 320"
"12:07:38.754, 28 Apr 2021","10,4","0,2","3 783 262 240","3 263 866 872"
"12:07:39.754, 28 Apr 2021","9,8","0,1","3 783 262 240","3 343 027 240"
"12:07:40.754, 28 Apr 2021","9,7","0,1","3 783 262 240","3 416 000 944"
"12:07:41.754, 28 Apr 2021","10,4","0,2","3 783 262 240","3 325 228 752"
"12:07:42.755, 28 Apr 2021","9,8","0,2","3 783 262 240","3 427 131 768"
"12:07:43.755, 28 Apr 2021","10,3","0,2","3 783 262 240","3 336 928 984"
"12:07:44.755, 28 Apr 2021","9,9","0,2","3 783 262 240","3 388 458 216"
"12:07:45.755, 28 Apr 2021","10,2","0,2","3 783 262 240","3 281 113 280"
"12:07:46.755, 28 Apr 2021","9,9","0,1","3 783 262 240","3 359 898 872"
"12:07:47.755, 28 Apr 2021","9,8","0,1","3 783 262 240","3 426 282 776"
"12:07:48.755, 28 Apr 2021","10,3","0,2","3 783 262 240","3 306 270 824"
"12:07:49.756, 28 Apr 2021","10,0","0,2","3 783 262 240","3 366 293 664"
"12:07:50.756, 28 Apr 2021","9,9","0,2","3 783 262 240","3 416 014 200"
"12:07:51.756, 28 Apr 2021","27,9","0,2","3 783 262 240","3 273 133 424"
"12:07:52.756, 28 Apr 2021","15,4","0,2","3 783 262 240","3 407 005 192"
"12:07:53.756, 28 Apr 2021","24,2","0,8","3 783 262 240","3 367 190 600"
"12:07:54.756, 28 Apr 2021","28,2","1,1","4 357 881 888","3 305 900 080"
"12:07:55.756, 28 Apr 2021","10,8","0,0","4 357 881 888","3 599 501 360"
"12:07:56.757, 28 Apr 2021","29,1","1,4","4 357 881 888","3 306 760 312"
"12:07:57.757, 28 Apr 2021","15,1","0,0","4 357 881 888","3 608 750 200"
"12:07:58.757, 28 Apr 2021","29,8","1,5","5 035 261 984","3 321 337 208"
"12:07:59.757, 28 Apr 2021","15,3","0,0","5 035 261 984","3 568 801 144"
"12:08:00.757, 28 Apr 2021","25,4","0,8","5 035 261 984","3 382 363 640"
"12:08:01.757, 28 Apr 2021","22,0","1,0","5 035 261 984","3 451 119 608"
"12:08:02.757, 28 Apr 2021","11,0","0,0","5 035 261 984","3 792 955 384"
"12:08:03.757, 28 Apr 2021","26,5","1,1","5 035 261 984","3 490 959 864"
"12:08:04.758, 28 Apr 2021","16,6","0,0","5 035 261 984","4 090 745 336"
"12:08:05.758, 28 Apr 2021","26,9","2,0","5 536 481 312","4 269 429 240"
"12:08:06.758, 28 Apr 2021","22,9","1,6","5 536 481 312","4 574 617 592"
"12:08:07.758, 28 Apr 2021","23,1","1,7","5 536 481 312","4 890 238 968"
"12:08:08.758, 28 Apr 2021","32,9","1,0","5 536 481 312","5 266 677 752"
"12:08:09.758, 28 Apr 2021","42,6","1,3","5 536 481 312","4 001 046 520"
"12:08:10.758, 28 Apr 2021","19,0","0,8","6 029 312 032","4 419 428 344"
"12:08:11.759, 28 Apr 2021","28,0","1,9","6 029 312 032","3 265 994 752"
"12:08:12.759, 28 Apr 2021","28,0","1,3","6 507 462 688","3 630 899 200"
"12:08:13.759, 28 Apr 2021","29,5","1,5","6 507 462 688","4 035 649 536"
"12:08:14.759, 28 Apr 2021","38,7","2,8","6 507 462 688","4 358 610 944"
"12:08:15.759, 28 Apr 2021","69,3","7,2","7 128 219 680","2 197 330 872"
"12:08:17.787, 28 Apr 2021","0,0","0,0","7 128 219 680","2 197 330 872"
"12:08:17.789, 28 Apr 2021","0,0","0,0","7 128 219 680","2 197 330 872"
"12:08:18.760, 28 Apr 2021","0,0","0,0","7 128 219 680","2 203 622 328"
"12:08:19.760, 28 Apr 2021","0,0","0,0","7 128 219 680","2 203 622 328"
"12:08:20.760, 28 Apr 2021","0,0","0,0","7 128 219 680","2 203 622 328"
